"",id,name,ingredients,alcoholic,category,glassType,instructions,drinkThumbnail,ingredientMeasures,text
0,0,A1,"['Gin', 'Grand Marnier', 'Lemon Juice', 'Grenadine']",Alcoholic,Cocktail,Cocktail glass,"Pour all ingredients into a cocktail shaker, mix and serve over ice into a chilled glass.",https://www.thecocktaildb.com/images/media/drink/2x8thr1504816928.jpg,"['1 3/4 shot ', '1 Shot ', '1/4 Shot', '1/8 Shot']","question Generate a cocktail with Gin Grand Marnier Lemon Juice Grenadine answer Pour all ingredients into a cocktail shaker, mix and serve over ice into a chilled glass."
1,1,ABC,"['Amaretto', 'Baileys irish cream', 'Cognac']",Alcoholic,Shot,Shot glass,Layered in a shot glass.,https://www.thecocktaildb.com/images/media/drink/tqpvqp1472668328.jpg,"['1/3 ', '1/3 ', '1/3 ']",question Generate a cocktail with Amaretto Baileys irish cream Cognac answer Layered in a shot glass.
2,2,Ace,"['Gin', 'Grenadine', 'Heavy cream', 'Milk', 'Egg White']",Alcoholic,Cocktail,Martini Glass,Shake all the ingredients in a cocktail shaker and ice then strain in a cold glass.,https://www.thecocktaildb.com/images/media/drink/l3cd7f1504818306.jpg,"['2 shots ', '1/2 shot ', '1/2 shot ', '1/2 shot', '1/2 Fresh']",question Generate a cocktail with Gin Grenadine Heavy cream Milk Egg White answer Shake all the ingredients in a cocktail shaker and ice then strain in a cold glass.
3,3,ACID,"['151 proof rum', 'Wild Turkey']",Alcoholic,Shot,Shot glass,Poor in the 151 first followed by the 101 served with a Coke or Dr Pepper chaser.,https://www.thecocktaildb.com/images/media/drink/xuxpxt1479209317.jpg,"['1 oz Bacardi ', '1 oz ']",question Generate a cocktail with 151 proof rum Wild Turkey answer Poor in the 151 first followed by the 101 served with a Coke or Dr Pepper chaser.
4,4,Adam,"['Dark rum', 'Lemon juice', 'Grenadine']",Alcoholic,Ordinary Drink,Cocktail glass,"In a shaker half-filled with ice cubes, combine all of the ingredients. Shake well. Strain into a cocktail glass.",https://www.thecocktaildb.com/images/media/drink/v0at4i1582478473.jpg,"['2 oz ', '1 oz ', '1 tsp ']","question Generate a cocktail with Dark rum Lemon juice Grenadine answer In a shaker half-filled with ice cubes, combine all of the ingredients. Shake well. Strain into a cocktail glass."
5,5,AT&T,"['Absolut Vodka', 'Gin', 'Tonic water']",Alcoholic,Ordinary Drink,Highball Glass,"Pour Vodka and Gin over ice, add Tonic and Stir",https://www.thecocktaildb.com/images/media/drink/rhhwmp1493067619.jpg,"['1 oz ', '1 oz ', '4 oz ']","question Generate a cocktail with Absolut Vodka Gin Tonic water answer Pour Vodka and Gin over ice, add Tonic and Stir"
6,6,A. J.,"['Applejack', 'Grapefruit juice']",Alcoholic,Ordinary Drink,Cocktail glass,"Shake ingredients with ice, strain into a cocktail glass, and serve.",https://www.thecocktaildb.com/images/media/drink/l74qo91582480316.jpg,"['1 1/2 oz ', '1 oz ']","question Generate a cocktail with Applejack Grapefruit juice answer Shake ingredients with ice, strain into a cocktail glass, and serve."
7,7,Avalon,"['Vodka', 'Pisang Ambon', 'Apple juice', 'Lemon juice', 'Lemonade']",Alcoholic,Ordinary Drink,Highball glass,"Fill a tall glass with ice. Layer the Finlandia Vodka, lemon and apple juices, Pisang Ambon, and top up with lemonade. Stir slightly and garnish with a spiralled cucumber skin and a red cherry. The cucumber provides zest and looks attractive. This drink, created by Timo Haimi, took first prize in the 1991 Finlandia Vodka Long Drink Competition.",https://www.thecocktaildb.com/images/media/drink/3k9qic1493068931.jpg,"['3 parts', '1 part ', '6 parts ', '1 1/2 part ', None]","question Generate a cocktail with Vodka Pisang Ambon Apple juice Lemon juice Lemonade answer Fill a tall glass with ice. Layer the Finlandia Vodka, lemon and apple juices, Pisang Ambon, and top up with lemonade. Stir slightly and garnish with a spiralled cucumber skin and a red cherry. The cucumber provides zest and looks attractive. This drink, created by Timo Haimi, took first prize in the 1991 Finlandia Vodka Long Drink Competition."
8,8,Apello,"['Orange juice', 'Grapefruit juice', 'Apple juice', 'Maraschino cherry']",Non alcoholic,Other / Unknown,Collins Glass,Stirr. Grnish with maraschino cherry.,https://www.thecocktaildb.com/images/media/drink/uptxtv1468876415.jpg,"['4 cl ', '3 cl ', '1 cl ', '1 ']",question Generate a cocktail with Orange juice Grapefruit juice Apple juice Maraschino cherry answer Stirr. Grnish with maraschino cherry.
9,9,Affair,"['Strawberry schnapps', 'Orange juice', 'Cranberry juice', 'Club soda']",Alcoholic,Ordinary Drink,Highball glass,"Pour schnapps, orange juice, and cranberry juice over ice in a highball glass. Top with club soda and serve.",https://www.thecocktaildb.com/images/media/drink/h5za6y1582477994.jpg,"['2 oz ', '2 oz ', '2 oz ', None]","question Generate a cocktail with Strawberry schnapps Orange juice Cranberry juice Club soda answer Pour schnapps, orange juice, and cranberry juice over ice in a highball glass. Top with club soda and serve."
10,10,Abilene,"['Dark rum', 'Peach nectar', 'Orange juice']",Alcoholic,Ordinary Drink,Highball glass,Pour all of the ingredients into a highball glass almost filled with ice cubes. Stir well.,https://www.thecocktaildb.com/images/media/drink/smb2oe1582479072.jpg,"['1 1/2 oz ', '2 oz ', '3 oz ']",question Generate a cocktail with Dark rum Peach nectar Orange juice answer Pour all of the ingredients into a highball glass almost filled with ice cubes. Stir well.
11,11,Almeria,"['Dark rum', 'Kahlua', 'Egg white']",Alcoholic,Ordinary Drink,Cocktail glass,"In a shaker half-filled with ice cubes, combine all of the ingredients. Shake well. Strain into a cocktail glass.",https://www.thecocktaildb.com/images/media/drink/rwsyyu1483388181.jpg,"['2 oz ', '1 oz ', '1 ']","question Generate a cocktail with Dark rum Kahlua Egg white answer In a shaker half-filled with ice cubes, combine all of the ingredients. Shake well. Strain into a cocktail glass."
12,12,Addison,"['Gin', 'Vermouth']",Alcoholic,Cocktail,Martini Glass,Shake together all the ingredients and strain into a cold glass.,https://www.thecocktaildb.com/images/media/drink/yzva7x1504820300.jpg,"['1 1/2 shot ', '1 1/2 shot ']",question Generate a cocktail with Gin Vermouth answer Shake together all the ingredients and strain into a cold glass.
13,13,Applecar,"['Applejack', 'Triple sec', 'Lemon juice']",Alcoholic,Ordinary Drink,Cocktail glass,"Shake all ingredients with ice, strain into a cocktail glass, and serve.",https://www.thecocktaildb.com/images/media/drink/sbffau1504389764.jpg,"['1 oz ', '1 oz ', '1 oz ']","question Generate a cocktail with Applejack Triple sec Lemon juice answer Shake all ingredients with ice, strain into a cocktail glass, and serve."
14,14,Acapulco,"['Light rum', 'Triple sec', 'Lime juice', 'Sugar', 'Egg white', 'Mint']",Alcoholic,Ordinary Drink,Old-fashioned glass,Combine and shake all ingredients (except mint) with ice and strain into an old-fashioned glass over ice cubes. Add the sprig of mint and serve.,https://www.thecocktaildb.com/images/media/drink/il9e0r1582478841.jpg,"['1 1/2 oz ', '1 1/2 tsp ', '1 tblsp ', '1 tsp ', '1 ', '1 ']",question Generate a cocktail with Light rum Triple sec Lime juice Sugar Egg white Mint answer Combine and shake all ingredients (except mint) with ice and strain into an old-fashioned glass over ice cubes. Add the sprig of mint and serve.
15,15,Affinity,"['Scotch', 'Sweet Vermouth', 'Dry Vermouth', 'Orange bitters']",Alcoholic,Ordinary Drink,Cocktail glass,"In a mixing glass half-filled with ice cubes, combine all of the ingredients. Stir well. Strain into a cocktail glass.",https://www.thecocktaildb.com/images/media/drink/wzdtnn1582477684.jpg,"['1 1/2 oz ', '1 oz ', '1 oz ', '2 dashes ']","question Generate a cocktail with Scotch Sweet Vermouth Dry Vermouth Orange bitters answer In a mixing glass half-filled with ice cubes, combine all of the ingredients. Stir well. Strain into a cocktail glass."
16,16,Aviation,"['Gin', 'lemon juice', 'maraschino liqueur']",Alcoholic,Cocktail,Cocktail glass,Add all ingredients into cocktail shaker filled with ice. Shake well and strain into cocktail glass. Garnish with a cherry.,https://www.thecocktaildb.com/images/media/drink/trbplb1606855233.jpg,"['4.5 cl', '1.5 cl', '1.5 cl']",question Generate a cocktail with Gin lemon juice maraschino liqueur answer Add all ingredients into cocktail shaker filled with ice. Shake well and strain into cocktail glass. Garnish with a cherry.
17,17,After sex,"['Vodka', 'Creme de Banane', 'Orange juice']",Alcoholic,Ordinary Drink,Highball glass,Pour the vodka and creme over some ice cubes in a tall glass and fill up with juice. to make it beuty full make the top of the glass with a grenadine and sugar,https://www.thecocktaildb.com/images/media/drink/xrl66i1493068702.jpg,"['2 cl ', '1 cl ', None]",question Generate a cocktail with Vodka Creme de Banane Orange juice answer Pour the vodka and creme over some ice cubes in a tall glass and fill up with juice. to make it beuty full make the top of the glass with a grenadine and sugar
18,18,Applejack,"['Jack Daniels', 'Midori melon liqueur', 'Sour mix']",Alcoholic,Cocktail,Cocktail glass,"Add all ingredients into mixing glass, chill and strain into cocktail glass",https://www.thecocktaildb.com/images/media/drink/sutyqp1479209062.jpg,"['1 oz ', '1/2 oz ', '2 oz ']","question Generate a cocktail with Jack Daniels Midori melon liqueur Sour mix answer Add all ingredients into mixing glass, chill and strain into cocktail glass"
19,19,Afterglow,"['Grenadine', 'Orange juice', 'Pineapple juice']",Non alcoholic,Cocktail,Highball Glass,Mix. Serve over ice.,https://www.thecocktaildb.com/images/media/drink/vuquyv1468876052.jpg,"['1 part ', '4 parts ', '4 parts ']",question Generate a cocktail with Grenadine Orange juice Pineapple juice answer Mix. Serve over ice.
20,20,Afternoon,"['Kahlua', 'Baileys irish cream', 'Frangelico', 'Coffee', 'Cream']",Alcoholic,Coffee / Tea,Collins Glass,"Build into a suiting glass, with no ice. Cream on top if wanted. Served directly.",https://www.thecocktaildb.com/images/media/drink/vyrurp1472667777.jpg,"['1 cl ', '1 cl ', '1 1/2 ', '4 cl hot ', None]","question Generate a cocktail with Kahlua Baileys irish cream Frangelico Coffee Cream answer Build into a suiting glass, with no ice. Cream on top if wanted. Served directly."
21,21,Alexander,"['Gin', 'Creme de Cacao', 'Light cream', 'Nutmeg']",Alcoholic,Ordinary Drink,Cocktail glass,Shake all ingredients with ice and strain contents into a cocktail glass. Sprinkle nutmeg on top and serve.,https://www.thecocktaildb.com/images/media/drink/0clus51606772388.jpg,"['1/2 oz ', '1/2 oz white ', '2 oz ', None]",question Generate a cocktail with Gin Creme de Cacao Light cream Nutmeg answer Shake all ingredients with ice and strain contents into a cocktail glass. Sprinkle nutmeg on top and serve.
22,22,Autodafé,"['Vodka', 'Lime juice', 'Soda water']",Alcoholic,Ordinary Drink,Highball glass,Mix and fill up with soda water. Drunk by finns on a sunny day any time of the year and day.,https://www.thecocktaildb.com/images/media/drink/7dkf0i1487602928.jpg,"['4 cl ', '1 dash ', None]",question Generate a cocktail with Vodka Lime juice Soda water answer Mix and fill up with soda water. Drunk by finns on a sunny day any time of the year and day.
23,23,Allegheny,"['Dry Vermouth', 'Bourbon', 'Blackberry brandy', 'Lemon juice', 'Lemon peel']",Alcoholic,Ordinary Drink,Cocktail glass,Shake all ingredients (except lemon peel) with ice and strain into a cocktail glass. Top with the twist of lemon peel and serve.,https://www.thecocktaildb.com/images/media/drink/uwvyts1483387934.jpg,"['1 oz ', '1 oz ', '1 1/2 tsp ', '1 1/2 tsp ', '1 twist of ']",question Generate a cocktail with Dry Vermouth Bourbon Blackberry brandy Lemon juice Lemon peel answer Shake all ingredients (except lemon peel) with ice and strain into a cocktail glass. Top with the twist of lemon peel and serve.
24,24,Americano,"['Campari', 'Sweet Vermouth', 'Lemon peel', 'Orange peel']",Alcoholic,Ordinary Drink,Collins glass,"Pour the Campari and vermouth over ice into glass, add a splash of soda water and garnish with half orange slice.",https://www.thecocktaildb.com/images/media/drink/709s6m1613655124.jpg,"['1 oz ', '1 oz red ', 'Twist of ', 'Twist of ']","question Generate a cocktail with Campari Sweet Vermouth Lemon peel Orange peel answer Pour the Campari and vermouth over ice into glass, add a splash of soda water and garnish with half orange slice."
25,25,B-52,"['Baileys irish cream', 'Grand Marnier', 'Kahlua']",Alcoholic,Shot,Shot glass,Layer ingredients into a shot glass. Serve with a stirrer.,https://www.thecocktaildb.com/images/media/drink/5a3vg61504372070.jpg,"['1/3 ', '1/3 ', '1/4 ']",question Generate a cocktail with Baileys irish cream Grand Marnier Kahlua answer Layer ingredients into a shot glass. Serve with a stirrer.
26,26,B-53,"['Kahlua', 'Sambuca', 'Grand Marnier']",Alcoholic,Shot,Collins Glass,"Layer the Kahlua, Sambucca and Grand Marnier into a shot glas in that order. Better than B-52",https://www.thecocktaildb.com/images/media/drink/rwqxrv1461866023.jpg,"['1/3 shot ', '1/3 shot ', '1/3 shot ']","question Generate a cocktail with Kahlua Sambuca Grand Marnier answer Layer the Kahlua, Sambucca and Grand Marnier into a shot glas in that order. Better than B-52"
27,27,Bijou,"['Orange Bitters', 'Green Chartreuse', 'Gin', 'Sweet Vermouth']",Alcoholic,Cocktail,Cocktail glass,"Stir in mixing glass with ice and strain
",https://www.thecocktaildb.com/images/media/drink/rysb3r1513706985.jpg,"['1 dash', '1 oz', '1 oz', '1 oz']","question Generate a cocktail with Orange Bitters Green Chartreuse Gin Sweet Vermouth answer Stir in mixing glass with ice and strain
"
28,28,Boxcar,"['Gin', 'Triple sec', 'Lemon juice', 'Grenadine', 'Egg white']",Alcoholic,Ordinary Drink,Whiskey sour glass,"In a shaker half-filled with ice cubes, combine all of the ingredients. Shake well. Strain into a sour glass.",https://www.thecocktaildb.com/images/media/drink/pwgtpa1504366376.jpg,"['1 1/2 oz ', '1 oz ', '1 tsp ', '1/2 tsp ', '1 ']","question Generate a cocktail with Gin Triple sec Lemon juice Grenadine Egg white answer In a shaker half-filled with ice cubes, combine all of the ingredients. Shake well. Strain into a sour glass."
29,29,Big Red,"['Irish cream', 'Goldschlager']",Alcoholic,Shot,Shot glass,Pour ingredients into 1 ounce shot glass,https://www.thecocktaildb.com/images/media/drink/yqwuwu1441248116.jpg,"['1/2 oz ', '1/2 oz ']",question Generate a cocktail with Irish cream Goldschlager answer Pour ingredients into 1 ounce shot glass
30,30,Bellini,"['Champagne', 'Peach schnapps']",Alcoholic,Ordinary Drink,Champagne Flute,"Pour peach purée into chilled flute, add sparkling wine. Stir gently.",https://www.thecocktaildb.com/images/media/drink/eaag491504367543.jpg,"['6 oz ', '1 oz ']","question Generate a cocktail with Champagne Peach schnapps answer Pour peach purée into chilled flute, add sparkling wine. Stir gently."
31,31,Bramble,"['Gin', 'lemon juice', 'Sugar syrup', 'Creme de Mure']",Alcoholic,Ordinary Drink,Old-Fashioned glass,"Fill glass with crushed ice. Build gin, lemon juice and simple syrup over. Stir, and then pour blackberry liqueur over in a circular fashion to create marbling effect. Garnish with two blackberries and lemon slice.",https://www.thecocktaildb.com/images/media/drink/twtbh51630406392.jpg,"['4 cl', '1.5 cl', '1 cl', '1.5 cl']","question Generate a cocktail with Gin lemon juice Sugar syrup Creme de Mure answer Fill glass with crushed ice. Build gin, lemon juice and simple syrup over. Stir, and then pour blackberry liqueur over in a circular fashion to create marbling effect. Garnish with two blackberries and lemon slice."
32,32,Balmoral,"['Scotch', 'Sweet Vermouth', 'Dry Vermouth', 'Bitters']",Alcoholic,Ordinary Drink,Cocktail glass,"In a mixing glass half-filled with ice cubes, combine all of the ingredients. Stir well. Strain into a cocktail glass.",https://www.thecocktaildb.com/images/media/drink/vysuyq1441206297.jpg,"['1 1/2 oz ', '1/2 oz ', '1/2 oz ', '2 dashes ']","question Generate a cocktail with Scotch Sweet Vermouth Dry Vermouth Bitters answer In a mixing glass half-filled with ice cubes, combine all of the ingredients. Stir well. Strain into a cocktail glass."
33,33,Bluebird,"['Gin', 'Triple sec', 'Blue Curacao', 'Bitters', 'Maraschino cherry', 'Lemon peel']",Alcoholic,Ordinary Drink,Cocktail glass,"In a mixing glass half-filled with crushed ice, combine the gin, triple sec, Curacao, and bitters. Stir well. Strain into a cocktail glass and garnish with the lemon twist and the cherry.",https://www.thecocktaildb.com/images/media/drink/5jhyd01582579843.jpg,"['1 1/2 oz ', '1/2 oz ', '1/2 oz ', '2 dashes ', '1 ', '1 twist of ']","question Generate a cocktail with Gin Triple sec Blue Curacao Bitters Maraschino cherry Lemon peel answer In a mixing glass half-filled with crushed ice, combine the gin, triple sec, Curacao, and bitters. Stir well. Strain into a cocktail glass and garnish with the lemon twist and the cherry."
34,34,Brooklyn,"['Rye Whiskey', 'Dry Vermouth', 'Maraschino Liqueur', 'Angostura Bitters', 'Maraschino Cherry']",Alcoholic,Cocktail,Cocktail glass,Combine ingredients with ice and stir until well-chilled. Strain into a chilled cocktail glass.,https://www.thecocktaildb.com/images/media/drink/ojsezf1582477277.jpg,"['2 oz', '1 oz', '1/4 oz', '3 dashes', '1']",question Generate a cocktail with Rye Whiskey Dry Vermouth Maraschino Liqueur Angostura Bitters Maraschino Cherry answer Combine ingredients with ice and stir until well-chilled. Strain into a chilled cocktail glass.
35,35,Bora Bora,"['Pineapple juice', 'Passion fruit juice', 'Lemon juice', 'Grenadine']",Non alcoholic,Cocktail,Highball glass,"Prepare in a blender or shaker, serve in a highball glass on the rocks. Garnish with 1 slice of pineapple and one cherry.",https://www.thecocktaildb.com/images/media/drink/xwuqvw1473201811.jpg,"['10 cl ', '6 cl ', '1 cl ', '1 cl ']","question Generate a cocktail with Pineapple juice Passion fruit juice Lemon juice Grenadine answer Prepare in a blender or shaker, serve in a highball glass on the rocks. Garnish with 1 slice of pineapple and one cherry."
36,36,Boomerang,"['Gin', 'Dry Vermouth', 'Bitters', 'Maraschino liqueur', 'Maraschino cherry']",Alcoholic,Ordinary Drink,Cocktail glass,"In a mixing glass half-filled with ice cubes, combine the gin, vermouth, bitters, and maraschino liqueur. Stir well. Strain into a cocktail glass and garnish with the cherry.",https://www.thecocktaildb.com/images/media/drink/3m6yz81504389551.jpg,"['2 oz ', '1/2 oz ', '2 dashes ', '1/2 tsp ', '1 ']","question Generate a cocktail with Gin Dry Vermouth Bitters Maraschino liqueur Maraschino cherry answer In a mixing glass half-filled with ice cubes, combine the gin, vermouth, bitters, and maraschino liqueur. Stir well. Strain into a cocktail glass and garnish with the cherry."
37,37,Barracuda,"['Rum', 'Galliano', 'Pineapple Juice', 'Lime Juice', 'Prosecco']",Alcoholic,Ordinary Drink,Margarita glass,"Shake pour ingredients with ice. Strain into glass, top with Sparkling wine.",https://www.thecocktaildb.com/images/media/drink/jwmr1x1504372337.jpg,"['4.5 cl', '1.5 cl', '6 cl', ' 1 dash', 'top up ']","question Generate a cocktail with Rum Galliano Pineapple Juice Lime Juice Prosecco answer Shake pour ingredients with ice. Strain into glass, top with Sparkling wine."
38,38,Brigadier,"['Hot Chocolate', 'Green Chartreuse', 'Cherry Heering']",Alcoholic,Cocktail,Coupe Glass,Mix ingredients in a warmed mug and stir.,https://www.thecocktaildb.com/images/media/drink/nl89tf1518947401.jpg,"['4 oz', '1 oz', '1 oz']",question Generate a cocktail with Hot Chocolate Green Chartreuse Cherry Heering answer Mix ingredients in a warmed mug and stir.
39,39,Broadside,"['151 proof rum', 'Scotch', 'Bitters', 'Wormwood', 'Ice']",Alcoholic,Cocktail,Highball glass,"Half fill the glass with ice cubes. Crush the wormwood and add to ice. Pour rum, scotch and butters, then serve!",https://www.thecocktaildb.com/images/media/drink/l2o6xu1582476870.jpg,"['1 shot', '1/2 shot', '3 drops', '1 Fresh', 'cubes']","question Generate a cocktail with 151 proof rum Scotch Bitters Wormwood Ice answer Half fill the glass with ice cubes. Crush the wormwood and add to ice. Pour rum, scotch and butters, then serve!"
40,40,Buccaneer,"['Corona', 'Bacardi Limon']",Alcoholic,Beer,Beer pilsner,Pour the corona into an 18oz beer glass pour the bacardi limon into the beer stir very gently,https://www.thecocktaildb.com/images/media/drink/upvtyt1441249023.jpg,"['1 ', '1 shot ']",question Generate a cocktail with Corona Bacardi Limon answer Pour the corona into an 18oz beer glass pour the bacardi limon into the beer stir very gently
41,41,Brain Fart,"['Everclear', 'Vodka', 'Mountain Dew', 'Surge', 'Lemon juice', 'Rum']",Alcoholic,Punch / Party Drink,Punch bowl,Mix all ingredients together. Slowly and gently. Works best if ice is added to punch bowl and soda's are very cold.,https://www.thecocktaildb.com/images/media/drink/rz5aun1504389701.jpg,"['1 fifth ', '1 fifth Smirnoff red label ', '2 L ', '2 L ', '1 small bottle ', '1 pint ']",question Generate a cocktail with Everclear Vodka Mountain Dew Surge Lemon juice Rum answer Mix all ingredients together. Slowly and gently. Works best if ice is added to punch bowl and soda's are very cold.
42,42,Blackthorn,"['Sweet Vermouth', 'Sloe gin', 'Lemon peel']",Alcoholic,Ordinary Drink,Cocktail glass,Stir sloe gin and vermouth with ice and strain into a cocktail glass. Add the twist of lemon peel and serve.,https://www.thecocktaildb.com/images/media/drink/dgj92f1616098672.jpg,"['1 oz ', '1 1/2 oz ', '1 twist of ']",question Generate a cocktail with Sweet Vermouth Sloe gin Lemon peel answer Stir sloe gin and vermouth with ice and strain into a cocktail glass. Add the twist of lemon peel and serve.
43,43,Bob Marley,"['Midori melon liqueur', 'Jägermeister', 'Goldschlager']",Alcoholic,Shot,Shot glass,Layer in a 2 oz shot glass or pony glass,https://www.thecocktaildb.com/images/media/drink/rrqrst1477140664.jpg,"['1/2 oz ', '1/2 oz ', '1/2 oz ']",question Generate a cocktail with Midori melon liqueur Jägermeister Goldschlager answer Layer in a 2 oz shot glass or pony glass
44,44,Bible Belt,"['Southern Comfort', 'Triple sec', 'Lime', 'Sour mix']",Alcoholic,Other / Unknown,Highball glass,"Mix all ingredients, and pour over ice.",https://www.thecocktaildb.com/images/media/drink/6bec6v1503563675.jpg,"['2 oz ', '1/2 oz ', '2 wedges ', '2 oz ']","question Generate a cocktail with Southern Comfort Triple sec Lime Sour mix answer Mix all ingredients, and pour over ice."
45,45,Bubble Gum,"['Vodka', 'Banana liqueur', 'Orange juice', 'Peach schnapps']",Alcoholic,Shot,Shot glass,Layer in order into a shot glass.,https://www.thecocktaildb.com/images/media/drink/spuurv1468878783.jpg,"['1/4 ', '1/4 ', '1/4 ', '1/4 ']",question Generate a cocktail with Vodka Banana liqueur Orange juice Peach schnapps answer Layer in order into a shot glass.
46,46,Bumble Bee,"['Baileys irish cream', 'Kahlua', 'Sambuca']",Alcoholic,Shot,Shot glass,"This is a layered shot. First pour the Bailey's into the shot glass. Then take an upside down spoon and touch it to the inside wall of the glass. Carefully add the Kahlua. Repeat this process for the Sambuca. If done properly, the alcohol will stay separated and resemble a bumble bee. Enjoy!!!",https://www.thecocktaildb.com/images/media/drink/uwqpvv1461866378.jpg,"['1/3 oz ', '1/3 oz ', '1/3 oz ']","question Generate a cocktail with Baileys irish cream Kahlua Sambuca answer This is a layered shot. First pour the Bailey's into the shot glass. Then take an upside down spoon and touch it to the inside wall of the glass. Carefully add the Kahlua. Repeat this process for the Sambuca. If done properly, the alcohol will stay separated and resemble a bumble bee. Enjoy!!!"
47,47,Baby Eskimo,"['Kahlua', 'Milk', 'Vanilla ice-cream']",Alcoholic,Shake,Collins Glass,"Leave ice-cream out for about 10 minutes. Add ingredients in order, stir with chopstick (butter knife or spoon works too). Consume immediately and often. Nice and light, great for following a heavy drink.",https://www.thecocktaildb.com/images/media/drink/wywrtw1472720227.jpg,"['2 oz ', '8 oz ', '2 scoops ']","question Generate a cocktail with Kahlua Milk Vanilla ice-cream answer Leave ice-cream out for about 10 minutes. Add ingredients in order, stir with chopstick (butter knife or spoon works too). Consume immediately and often. Nice and light, great for following a heavy drink."
48,48,Boston Sour,"['Blended whiskey', 'Lemon', 'Powdered sugar', 'Egg white', 'Lemon', 'Cherry']",Alcoholic,Ordinary Drink,Whiskey sour glass,"Shake juice of lemon, powdered sugar, blended whiskey, and egg white with cracked ice and strain into a whiskey sour glass. Add the slice of lemon, top with the cherry, and serve.",https://www.thecocktaildb.com/images/media/drink/kxlgbi1504366100.jpg,"['2 oz ', 'Juice of 1/2 ', '1 tsp ', '1 ', '1 slice ', '1 ']","question Generate a cocktail with Blended whiskey Lemon Powdered sugar Egg white Lemon Cherry answer Shake juice of lemon, powdered sugar, blended whiskey, and egg white with cracked ice and strain into a whiskey sour glass. Add the slice of lemon, top with the cherry, and serve."
49,49,Bahama Mama,"['Rum', 'Dark Rum', 'Banana liqueur', 'Grenadine', 'Pineapple Juice', 'Orange Juice', 'Sweet and Sour']",Alcoholic,Cocktail,Highball glass,"Add 2 parts club soda or more or less to taste.

Mix it all together and pour over a bunch of ice. Drink with a straw.",https://www.thecocktaildb.com/images/media/drink/tyb4a41515793339.jpg,"['3 parts', '1 part', '1 part', '1 part', '2 parts', '2 parts', '1 part']","question Generate a cocktail with Rum Dark Rum Banana liqueur Grenadine Pineapple Juice Orange Juice Sweet and Sour answer Add 2 parts club soda or more or less to taste.

Mix it all together and pour over a bunch of ice. Drink with a straw."
50,50,Casino,"['Gin', 'Maraschino liqueur', 'Lemon juice', 'Orange bitters', 'Cherry']",Alcoholic,Ordinary Drink,Cocktail glass,Pour all ingredients into shaker with ice cubes. Shake well. Strain into chilled cocktail glass. Garnish with a lemon twist and a maraschino cherry. Serve without a straw.,https://www.thecocktaildb.com/images/media/drink/1mvjxg1504348579.jpg,"['2 oz ', '1/4 tsp ', '1/4 tsp ', '2 dashes ', '1 ']",question Generate a cocktail with Gin Maraschino liqueur Lemon juice Orange bitters Cherry answer Pour all ingredients into shaker with ice cubes. Shake well. Strain into chilled cocktail glass. Garnish with a lemon twist and a maraschino cherry. Serve without a straw.
51,51,Cafe Savoy,"['Coffee', 'Milk', 'Triple sec', 'Brandy']",Alcoholic,Coffee / Tea,Coffee mug,"Fill mug almost to top with coffee.Add milk, triple sec and brandy. Stir.",https://www.thecocktaildb.com/images/media/drink/vqwptt1441247711.jpg,"[None, '1/2 oz ', '1/2 oz ', None]","question Generate a cocktail with Coffee Milk Triple sec Brandy answer Fill mug almost to top with coffee.Add milk, triple sec and brandy. Stir."
52,52,Caipirinha,"['Sugar', 'Lime', 'Cachaca']",Alcoholic,Ordinary Drink,Old-fashioned glass,Place lime and sugar into old fashioned glass and muddle (mash the two ingredients together using a muddler or a wooden spoon). Fill the glass with ice and add the Cachaça.,https://www.thecocktaildb.com/images/media/drink/jgvn7p1582484435.jpg,"['2 tsp', '1 ', '2 1/2 oz ']",question Generate a cocktail with Sugar Lime Cachaca answer Place lime and sugar into old fashioned glass and muddle (mash the two ingredients together using a muddler or a wooden spoon). Fill the glass with ice and add the Cachaça.
53,53,Cream Soda,"['Spiced rum', 'Ginger ale']",Alcoholic,Cocktail,Highball glass,Pour 1oz of Spiced Rum into a highball glass with ice. Fill with Ginger Ale.,https://www.thecocktaildb.com/images/media/drink/yqstxr1479209367.jpg,"['1 oz ', None]",question Generate a cocktail with Spiced rum Ginger ale answer Pour 1oz of Spiced Rum into a highball glass with ice. Fill with Ginger Ale.
54,54,Cuba Libra,"['Dark rum', 'Lime', 'Coca-Cola', 'Ice']",Alcoholic,Ordinary Drink,Highball glass,Fill tall glass with ice cubes. Add rum. Rub cut edge of lime on rim of glass then squeeze juice into glass. Fill with Coca-Cola. Garnish with lime slice. Enjoy!,https://www.thecocktaildb.com/images/media/drink/ck6d0p1504388696.jpg,"['1-2 shot ', 'Squeeze ', 'Fill with ', None]",question Generate a cocktail with Dark rum Lime Coca-Cola Ice answer Fill tall glass with ice cubes. Add rum. Rub cut edge of lime on rim of glass then squeeze juice into glass. Fill with Coca-Cola. Garnish with lime slice. Enjoy!
55,55,Cherry Rum,"['Light rum', 'Cherry brandy', 'Light cream']",Alcoholic,Ordinary Drink,Cocktail glass,"Shake all ingredients with ice, strain into a cocktail glass, and serve.",https://www.thecocktaildb.com/images/media/drink/twsuvr1441554424.jpg,"['1 1/4 oz ', '1 1/2 tsp ', '1 tblsp ']","question Generate a cocktail with Light rum Cherry brandy Light cream answer Shake all ingredients with ice, strain into a cocktail glass, and serve."
56,56,Cuba Libre,"['Light rum', 'Lime', 'Coca-Cola']",Alcoholic,Ordinary Drink,Highball glass,Build all ingredients in a Collins glass filled with ice. Garnish with lime wedge.,https://www.thecocktaildb.com/images/media/drink/wmkbfj1606853905.jpg,"['2 oz ', 'Juice of 1/2 ', None]",question Generate a cocktail with Light rum Lime Coca-Cola answer Build all ingredients in a Collins glass filled with ice. Garnish with lime wedge.
57,57,Corn n Oil,"['Lime', 'Falernum', 'Angostura Bitters', 'Añejo rum', 'blackstrap rum']",Alcoholic,Cocktail,Old-fashioned glass,"Cut the half lime in half again. Add the lime, falernum, and bitters to a rocks glass. Muddle. Add the rum. (Aged Barbados rum such as Plantation 5 Year is recommended). Add ice and stir. Float the blackstrap rum on top. Serve with a straw.",https://www.thecocktaildb.com/images/media/drink/pk6dwi1592767243.jpg,"['1/2', '1/3 oz', '2 dashes', '1 oz', '1 oz']","question Generate a cocktail with Lime Falernum Angostura Bitters Añejo rum blackstrap rum answer Cut the half lime in half again. Add the lime, falernum, and bitters to a rocks glass. Muddle. Add the rum. (Aged Barbados rum such as Plantation 5 Year is recommended). Add ice and stir. Float the blackstrap rum on top. Serve with a straw."
58,58,Citrus Coke,"['Bacardi Limon', 'Coca-Cola']",Alcoholic,Soft Drink,Highball Glass,Pour half of coke in a glass. Then add Bacardi and top it off with the remaining coke. Stir and drink up!,https://www.thecocktaildb.com/images/media/drink/uyrvut1479473214.jpg,"['1 part ', '2 parts ']",question Generate a cocktail with Bacardi Limon Coca-Cola answer Pour half of coke in a glass. Then add Bacardi and top it off with the remaining coke. Stir and drink up!
59,59,Casa Blanca,"['Light rum', 'Triple sec', 'Lime juice', 'Maraschino liqueur']",Alcoholic,Ordinary Drink,Cocktail glass,"Shake all ingredients with ice, strain into a cocktail glass, and serve.",https://www.thecocktaildb.com/images/media/drink/usspxq1441553762.jpg,"['2 oz ', '1 1/2 tsp ', '1 1/2 tsp ', '1 1/2 tsp ']","question Generate a cocktail with Light rum Triple sec Lime juice Maraschino liqueur answer Shake all ingredients with ice, strain into a cocktail glass, and serve."
60,60,Clover Club,"['Gin', 'Grenadine', 'Lemon', 'Egg white']",Alcoholic,Ordinary Drink,Cocktail glass,"Dry shake ingredients to emulsify, add ice, shake and served straight up.",https://www.thecocktaildb.com/images/media/drink/t0aja61504348715.jpg,"['1 1/2 oz ', '2 tsp ', 'Juice of 1/2 ', '1 ']","question Generate a cocktail with Gin Grenadine Lemon Egg white answer Dry shake ingredients to emulsify, add ice, shake and served straight up."
61,61,Caipirissima,"['Lime', 'Sugar', 'White rum', 'Ice']",Alcoholic,Ordinary Drink,Collins Glass,Same as Caipirinha but instead of cachaca you add WHITE RUM. It's great!!!!!!!!,https://www.thecocktaildb.com/images/media/drink/yd47111503565515.jpg,"['2 ', '2 tblsp ', '2-3 oz ', 'crushed ']",question Generate a cocktail with Lime Sugar White rum Ice answer Same as Caipirinha but instead of cachaca you add WHITE RUM. It's great!!!!!!!!
62,62,City Slicker,"['Brandy', 'Triple sec', 'Lemon juice']",Alcoholic,Ordinary Drink,Cocktail glass,"In a shaker half-filled with ice cubes, combine all of the ingredients. Shake well. Strain into a cocktail glass.",https://www.thecocktaildb.com/images/media/drink/dazdlg1504366949.jpg,"['2 oz ', '1/2 oz ', '1 tblsp ']","question Generate a cocktail with Brandy Triple sec Lemon juice answer In a shaker half-filled with ice cubes, combine all of the ingredients. Shake well. Strain into a cocktail glass."
63,63,Campari Beer,"['Lager', 'Campari']",Alcoholic,Beer,Beer mug,Use a 15 oz glass. Add Campari first. Fill with beer.,https://www.thecocktaildb.com/images/media/drink/xsqrup1441249130.jpg,"['1 bottle ', '1 1/2 cl ']",question Generate a cocktail with Lager Campari answer Use a 15 oz glass. Add Campari first. Fill with beer.
64,64,Chicago Fizz,"['Light rum', 'Port', 'Lemon', 'Powdered sugar', 'Egg white', 'Carbonated water']",Alcoholic,Ordinary Drink,Highball glass,"Shake all ingredients (except carbonated water) with ice and strain into a highball glass over two ice cubes. Fill with carbonated water, stir, and serve.",https://www.thecocktaildb.com/images/media/drink/qwvwqr1441207763.jpg,"['1 oz ', '1 oz ', 'Juice of 1/2 ', '1 tsp ', '1 ', None]","question Generate a cocktail with Light rum Port Lemon Powdered sugar Egg white Carbonated water answer Shake all ingredients (except carbonated water) with ice and strain into a highball glass over two ice cubes. Fill with carbonated water, stir, and serve."
65,65,Cosmopolitan,"['Vodka', 'Lime juice', 'Cointreau', 'Cranberry juice']",Alcoholic,Cocktail,Cocktail glass,Add all ingredients into cocktail shaker filled with ice. Shake well and double strain into large cocktail glass. Garnish with lime wheel.,https://www.thecocktaildb.com/images/media/drink/kpsajh1504368362.jpg,"['1 1/4 oz ', '1/4 oz ', '1/4 oz ', '1/4 cup ']",question Generate a cocktail with Vodka Lime juice Cointreau Cranberry juice answer Add all ingredients into cocktail shaker filled with ice. Shake well and double strain into large cocktail glass. Garnish with lime wheel.
66,66,Coffee-Vodka,"['Water', 'Sugar', 'Coffee', 'Vanilla', 'Vodka', 'Caramel coloring']",Alcoholic,Homemade Liqueur,Collins Glass,"Boil water and sugar until dissolved. Turn off heat. Slowly add dry instant coffee and continue stirring. Add a chopped vanilla bean to the vodka, then combine the cooled sugar syrup and coffee solution with the vodka. Cover tightly and shake vigorously each day for 3 weeks. Strain and filter. Its also best to let the sugar mixture cool completely so the vodka won't evaporate when its added. If you like a smoother feel to the liqueur you can add about 1 teaspoon of glycerine to the finished product.",https://www.thecocktaildb.com/images/media/drink/qvrrvu1472667494.jpg,"['2 cups ', '2 cups white ', '1/2 cup instant ', '1/2', '1 1/2 cup', None]","question Generate a cocktail with Water Sugar Coffee Vanilla Vodka Caramel coloring answer Boil water and sugar until dissolved. Turn off heat. Slowly add dry instant coffee and continue stirring. Add a chopped vanilla bean to the vodka, then combine the cooled sugar syrup and coffee solution with the vodka. Cover tightly and shake vigorously each day for 3 weeks. Strain and filter. Its also best to let the sugar mixture cool completely so the vodka won't evaporate when its added. If you like a smoother feel to the liqueur you can add about 1 teaspoon of glycerine to the finished product."
67,67,Casino Royale,"['Gin', 'Lemon juice', 'Maraschino liqueur', 'Orange bitters', 'Egg yolk']",Alcoholic,Ordinary Drink,Whiskey sour glass,"In a shaker half-filled with ice cubes, combine all of the ingredients. Shake well. Strain into a sour glass.",https://www.thecocktaildb.com/images/media/drink/3qpv121504366699.jpg,"['2 oz ', '1/2 oz ', '1 tsp ', '1 dash ', '1 ']","question Generate a cocktail with Gin Lemon juice Maraschino liqueur Orange bitters Egg yolk answer In a shaker half-filled with ice cubes, combine all of the ingredients. Shake well. Strain into a sour glass."
68,68,Corpse Reviver,"['Gin', 'Triple Sec', 'Lillet Blanc', 'Lemon Juice', 'Absinthe']",Alcoholic,Cocktail,Cocktail glass,"Shake, strain, straight up, cocktail glass rinsed with absinthe
",https://www.thecocktaildb.com/images/media/drink/gifgao1513704334.jpg,"['3/4 oz', '3/4 oz', '3/4 oz', '3/4 oz', '1 dash']","question Generate a cocktail with Gin Triple Sec Lillet Blanc Lemon Juice Absinthe answer Shake, strain, straight up, cocktail glass rinsed with absinthe
"
69,69,Chocolate Milk,"['Chocolate liqueur', 'Milk', 'Amaretto']",Alcoholic,Shot,Shot Glass,"Put the milk in the bottom, pour the Liquer on top and add the dash of amaretto. Do not mix. SLAM IT!",https://www.thecocktaildb.com/images/media/drink/j6q35t1504889399.jpg,"['1/2 shot ', '1/2 shot ', '1 dash ']","question Generate a cocktail with Chocolate liqueur Milk Amaretto answer Put the milk in the bottom, pour the Liquer on top and add the dash of amaretto. Do not mix. SLAM IT!"
70,70,Clove Cocktail,"['Sweet Vermouth', 'Sloe gin', 'Wine']",Alcoholic,Ordinary Drink,Cocktail glass,"Stir all ingredients with ice, strain into a cocktail glass, and serve.",https://www.thecocktaildb.com/images/media/drink/qxvtst1461867579.jpg,"['1 oz ', '1/2 oz ', '1/2 oz Muscatel ']","question Generate a cocktail with Sweet Vermouth Sloe gin Wine answer Stir all ingredients with ice, strain into a cocktail glass, and serve."
71,71,Coffee Liqueur,"['Coffee', 'Vanilla extract', 'Sugar', 'Vodka', 'Water']",Alcoholic,Homemade Liqueur,Collins Glass,"Combine coffee, sugar and water. Simmer 1 hour and let cool. Add vanilla and vodka. Age in sealed jar 2 to 3 weeks.",https://www.thecocktaildb.com/images/media/drink/ryvtsu1441253851.jpg,"['10 tblsp instant ', '4 tblsp ', '2 1/2 cups ', '1 qt ', '2 1/2 cups ']","question Generate a cocktail with Coffee Vanilla extract Sugar Vodka Water answer Combine coffee, sugar and water. Simmer 1 hour and let cool. Add vanilla and vodka. Age in sealed jar 2 to 3 weeks."
72,72,Coke and Drops,"['Coca-Cola', 'Lemon juice']",Non alcoholic,Soft Drink,Cocktail glass,"Take a glass, pour the Coke in the glass, then you take 7 drops of lemon juice. Granish with a lemon slice on the rim of the glass.",https://www.thecocktaildb.com/images/media/drink/yrtxxp1472719367.jpg,"['1 dl ', '7 drops ']","question Generate a cocktail with Coca-Cola Lemon juice answer Take a glass, pour the Coke in the glass, then you take 7 drops of lemon juice. Granish with a lemon slice on the rim of the glass."
73,73,Chocolate Drink,"['Chocolate', 'Milk', 'Water']",Non alcoholic,Cocoa,Coffee mug,"Melt the bar in a small amount of boiling water. Add milk. Cook over low heat, whipping gently (with a whisk, i would assume) until heated well. Don't let it boil! Serve in coffee mug.",https://www.thecocktaildb.com/images/media/drink/q7w4xu1487603180.jpg,"['125 gr', '3/4 L ', None]","question Generate a cocktail with Chocolate Milk Water answer Melt the bar in a small amount of boiling water. Add milk. Cook over low heat, whipping gently (with a whisk, i would assume) until heated well. Don't let it boil! Serve in coffee mug."
74,74,Cranberry Punch,"['Cranberry juice', 'Sugar', 'Pineapple juice', 'Almond flavoring', 'Ginger ale']",Non alcoholic,Punch / Party Drink,Punch Bowl,"Combine first four ingredients. Stir until sugar is dissolved, chill. Then add ginger ale just before serving. Add ice ring to keep punch cold.",https://www.thecocktaildb.com/images/media/drink/mzgaqu1504389248.jpg,"['4 cups ', '1 1/2 cup ', '4 cups ', '1 tblsp ', '2 qt ']","question Generate a cocktail with Cranberry juice Sugar Pineapple juice Almond flavoring Ginger ale answer Combine first four ingredients. Stir until sugar is dissolved, chill. Then add ginger ale just before serving. Add ice ring to keep punch cold."
75,75,Derby,"['gin', 'Peach Bitters', 'Mint']",Alcoholic,Ordinary Drink,Cocktail glass,Pour all ingredients into a mixing glass with ice. Stir. Strain into a cocktail glass. Garnish with a sprig of fresh mint in the drink.,https://www.thecocktaildb.com/images/media/drink/52weey1606772672.jpg,"['6 cl', '2 dashes', '2 Fresh leaves']",question Generate a cocktail with gin Peach Bitters Mint answer Pour all ingredients into a mixing glass with ice. Stir. Strain into a cocktail glass. Garnish with a sprig of fresh mint in the drink.
76,76,Diesel,"['Lager', 'Cider', 'Blackcurrant cordial']",Alcoholic,Beer,Pint glass,Pour the lager first then add the blackcurrant cordial. Top up with the cider. The colour sholud be very dark approaching the colour of Guiness.,https://www.thecocktaildb.com/images/media/drink/sxrrqq1454512852.jpg,"['1/2 pint ', '1/2 pint ', '1 dash ']",question Generate a cocktail with Lager Cider Blackcurrant cordial answer Pour the lager first then add the blackcurrant cordial. Top up with the cider. The colour sholud be very dark approaching the colour of Guiness.
77,77,Daiquiri,"['Light rum', 'Lime', 'Powdered sugar']",Alcoholic,Ordinary Drink,Cocktail glass,Pour all ingredients into shaker with ice cubes. Shake well. Strain in chilled cocktail glass.,https://www.thecocktaildb.com/images/media/drink/mrz9091589574515.jpg,"['1 1/2 oz ', 'Juice of 1/2 ', '1 tsp ']",question Generate a cocktail with Light rum Lime Powdered sugar answer Pour all ingredients into shaker with ice cubes. Shake well. Strain in chilled cocktail glass.
78,78,Danbooka,"['Coffee', 'Everclear']",Alcoholic,Coffee / Tea,Coffee Mug,pour it in and mix it.,https://www.thecocktaildb.com/images/media/drink/vurrxr1441246074.jpg,"['3 parts ', '1 part ']",question Generate a cocktail with Coffee Everclear answer pour it in and mix it.
79,79,Downshift,"['Fruit punch', 'Sprite', 'Tequila', '151 proof rum']",Alcoholic,Punch / Party Drink,Hurricane glass,"Start with the Sprite. Next comes the tequila. After that, add the Minute Maid Fruit Punch, then float the 151. Rocks optional.",https://www.thecocktaildb.com/images/media/drink/y36z8c1503563911.jpg,"['2 part ', '1 part ', '2 shots ', 'Float Bacardi ']","question Generate a cocktail with Fruit punch Sprite Tequila 151 proof rum answer Start with the Sprite. Next comes the tequila. After that, add the Minute Maid Fruit Punch, then float the 151. Rocks optional."
80,80,Dragonfly,"['Gin', 'Ginger ale', 'Lime']",Alcoholic,Ordinary Drink,Highball glass,"In a highball glass almost filled with ice cubes, combine the gin and ginger ale. Stir well. Garnish with the lime wedge.",https://www.thecocktaildb.com/images/media/drink/uc63bh1582483589.jpg,"['1 1/2 oz ', '4 oz ', '1 ']","question Generate a cocktail with Gin Ginger ale Lime answer In a highball glass almost filled with ice cubes, combine the gin and ginger ale. Stir well. Garnish with the lime wedge."
81,81,Dry Martini,"['Gin', 'Dry Vermouth', 'Olive']",Alcoholic,Cocktail,Cocktail glass,"Straight: Pour all ingredients into mixing glass with ice cubes. Stir well. Strain in chilled martini cocktail glass. Squeeze oil from lemon peel onto the drink, or garnish with olive.",https://www.thecocktaildb.com/images/media/drink/6ck9yi1589574317.jpg,"['1 2/3 oz ', '1/3 oz ', '1 ']","question Generate a cocktail with Gin Dry Vermouth Olive answer Straight: Pour all ingredients into mixing glass with ice cubes. Stir well. Strain in chilled martini cocktail glass. Squeeze oil from lemon peel onto the drink, or garnish with olive."
82,82,Dry Rob Roy,"['Scotch', 'Dry Vermouth', 'Lemon peel']",Alcoholic,Ordinary Drink,Cocktail glass,"In a mixing glass half-filled with ice cubes, combine the Scotch and vermouth. Stir well. Strain into a cocktail glass. Garnish with the lemon twist.",https://www.thecocktaildb.com/images/media/drink/typuyq1439456976.jpg,"['2 1/2 oz ', '1 1/2 tsp ', '1 twist of ']","question Generate a cocktail with Scotch Dry Vermouth Lemon peel answer In a mixing glass half-filled with ice cubes, combine the Scotch and vermouth. Stir well. Strain into a cocktail glass. Garnish with the lemon twist."
83,83,Dirty Nipple,"['Kahlua', 'Sambuca', 'Baileys irish cream']",Alcoholic,Shot,Shot glass,This is a layered shot - the Bailey's must be on top,https://www.thecocktaildb.com/images/media/drink/vtyqrt1461866508.jpg,"[None, None, None]",question Generate a cocktail with Kahlua Sambuca Baileys irish cream answer This is a layered shot - the Bailey's must be on top
84,84,Dirty Martini,"['Vodka', 'Dry Vermouth', 'Olive Brine', 'Lemon', 'Olive']",Alcoholic,Cocktail,Cocktail glass,"Pour the vodka, dry vermouth and olive brine into a cocktail shaker with a handful of ice and shake well.
Rub the rim of a martini glass with the wedge of lemon.
Strain the contents of the cocktail shaker into the glass and add the olive.
A dirty Martini contains a splash of olive brine or olive juice and is typically garnished with an olive.",https://www.thecocktaildb.com/images/media/drink/vcyvpq1485083300.jpg,"['70ml/2fl oz', '1 tbsp', '2 tbsp', '1 wedge', '1']","question Generate a cocktail with Vodka Dry Vermouth Olive Brine Lemon Olive answer Pour the vodka, dry vermouth and olive brine into a cocktail shaker with a handful of ice and shake well.
Rub the rim of a martini glass with the wedge of lemon.
Strain the contents of the cocktail shaker into the glass and add the olive.
A dirty Martini contains a splash of olive brine or olive juice and is typically garnished with an olive."
85,85,Darkwood Sling,"['Cherry Heering', 'Soda water', 'Orange juice', 'Ice']",Alcoholic,Soft Drink,Cocktail glass,"There are many good cherry liqueurs you can use, but I prefere Heering. Add one share of the liqueur. Then you add one share of Soda. For a sour sling use Tonic (most people prefer the drink without Tonic). Afterwards you fill the glass with Orange Juice and ice cubes.",https://www.thecocktaildb.com/images/media/drink/sxxsyq1472719303.jpg,"['1 part ', '1 part ', '1 part ', 'cubes']","question Generate a cocktail with Cherry Heering Soda water Orange juice Ice answer There are many good cherry liqueurs you can use, but I prefere Heering. Add one share of the liqueur. Then you add one share of Soda. For a sour sling use Tonic (most people prefer the drink without Tonic). Afterwards you fill the glass with Orange Juice and ice cubes."
86,86,Dark and Stormy,"['Dark Rum', 'Ginger Beer']",Alcoholic,Ordinary Drink,Highball glass,In a highball glass filled with ice add 6cl dark rum and top with ginger beer. Garnish with lime wedge.,https://www.thecocktaildb.com/images/media/drink/t1tn0s1504374905.jpg,"['5 cl', '10 cl']",question Generate a cocktail with Dark Rum Ginger Beer answer In a highball glass filled with ice add 6cl dark rum and top with ginger beer. Garnish with lime wedge.
87,87,Dark Caipirinha,"['demerara Sugar', 'Lime', 'Cachaca']",Alcoholic,Cocktail,Highball glass,"Muddle the sugar into the lime wedges in an old-fashioned glass.
Fill the glass with ice cubes.
Pour the cachaca into the glass.
Stir well.",https://www.thecocktaildb.com/images/media/drink/uwstrx1472406058.jpg,"['2 tsp ', '1', '2 1/2 oz']","question Generate a cocktail with demerara Sugar Lime Cachaca answer Muddle the sugar into the lime wedges in an old-fashioned glass.
Fill the glass with ice cubes.
Pour the cachaca into the glass.
Stir well."
88,88,Duchamp's Punch,"['Pisco', 'Lime Juice', 'Pineapple Syrup', 'St. Germain', 'Angostura Bitters', 'Pepper', 'Lavender']",Alcoholic,Cocktail,Old-fashioned glass,"Shake all ingredients.
Double strain in a chilled double old fashioned glass with abig ice cube.
Garnish with a couple of lavender sprigs",https://www.thecocktaildb.com/images/media/drink/g51naw1485084685.jpg,"['5 cl', '2.5 cl', '2.5 cl', '1.5 cl', '2 Dashes', 'Pinch', '2 sprigs']","question Generate a cocktail with Pisco Lime Juice Pineapple Syrup St. Germain Angostura Bitters Pepper Lavender answer Shake all ingredients.
Double strain in a chilled double old fashioned glass with abig ice cube.
Garnish with a couple of lavender sprigs"
89,89,Damned if you do,"['Whiskey', 'Hot Damn']",Alcoholic,Shot,Shot glass,Pour into shot glass. Put in mouth. Repeat as deemed necessary.,https://www.thecocktaildb.com/images/media/drink/ql7bmx1503565106.jpg,"['0.75 oz ', '0.25 oz ']",question Generate a cocktail with Whiskey Hot Damn answer Pour into shot glass. Put in mouth. Repeat as deemed necessary.
90,90,Dubonnet Cocktail,"['Dubonnet Rouge', 'Gin', 'Bitters', 'Lemon peel']",Alcoholic,Ordinary Drink,Cocktail glass,Stir all ingredients (except lemon peel) with ice and strain into a cocktail glass. Add the twist of lemon peel and serve.,https://www.thecocktaildb.com/images/media/drink/pfz3hz1582483111.jpg,"['1 1/2 oz ', '3/4 oz ', '1 dash ', '1 twist of ']",question Generate a cocktail with Dubonnet Rouge Gin Bitters Lemon peel answer Stir all ingredients (except lemon peel) with ice and strain into a cocktail glass. Add the twist of lemon peel and serve.
91,91,Drinking Chocolate,"['Heavy cream', 'Milk', 'Cinnamon', 'Vanilla', 'Chocolate', 'Whipped cream']",Non alcoholic,Cocoa,Coffee mug,"Heat the cream and milk with the cinnamon and vanilla bean very slowly for 15-20 minutes. (If you don't have any beans add 1-2 tsp of vanilla after heating). Remove the bean and cinnamon. Add the chocolate. Mix until fully melted. Serve topped with some very dense fresh whipped cream. Serves 1-2 depending upon how much of a glutton you are. For a richer chocolate, use 4 oz of milk, 4 oz of cream, 4 oz of chocolate. Serve in coffee mug.",https://www.thecocktaildb.com/images/media/drink/u6jrdf1487603173.jpg,"['2 oz ', '6-8 oz ', '1 stick ', '1 ', '2 oz finely chopped dark ', 'Fresh ']","question Generate a cocktail with Heavy cream Milk Cinnamon Vanilla Chocolate Whipped cream answer Heat the cream and milk with the cinnamon and vanilla bean very slowly for 15-20 minutes. (If you don't have any beans add 1-2 tsp of vanilla after heating). Remove the bean and cinnamon. Add the chocolate. Mix until fully melted. Serve topped with some very dense fresh whipped cream. Serves 1-2 depending upon how much of a glutton you are. For a richer chocolate, use 4 oz of milk, 4 oz of cream, 4 oz of chocolate. Serve in coffee mug."
92,92,Death in the Afternoon,"['Absinthe', 'Champagne']",Alcoholic,Cocktail,Margarita glass,"Easy as you like, pour the absinthe into a chilled glass, top with champagne. Must be drunk mid afternoon for the optimum effect.",https://www.thecocktaildb.com/images/media/drink/y7s3rh1598719574.jpg,"['2 shots', 'Top']","question Generate a cocktail with Absinthe Champagne answer Easy as you like, pour the absinthe into a chilled glass, top with champagne. Must be drunk mid afternoon for the optimum effect."
93,93,Egg Cream,"['Chocolate syrup', 'Milk', 'Soda water']",Non alcoholic,Other / Unknown,Coffee mug,"Mix syrup and milk in a fountain glass. Add soda water, serve with a straw.",https://www.thecocktaildb.com/images/media/drink/mvis731484430445.jpg,"['2 tblsp ', '6 oz whole ', '6 oz ']","question Generate a cocktail with Chocolate syrup Milk Soda water answer Mix syrup and milk in a fountain glass. Add soda water, serve with a straw."
94,94,Egg Nog #4,"['Egg yolk', 'Sugar', 'Milk', 'Light rum', 'Bourbon', 'Vanilla extract', 'Salt', 'Whipping cream', 'Egg white', 'Sugar', 'Nutmeg']",Optional alcohol,Punch / Party Drink,Punch bowl,"In a small mixer bowl beat egg yolks till blended. Gradually add 1/4 cup sugar, beating at high speed till thick and lemon colored. Stir in milk, stir in rum, bourbon, vanilla, and salt. Chill thoroughly. Whip cream. Wash beaters well. In a large mixer bowl beat egg whites till soft peaks form. Gradually add remaining 1/4 cup sugar, beating to stiff peaks. Fold yolk mixture and whipped cream into egg whites. Serve immediately. Sprinkle nutmeg over each serving. Serve in a punch bowl or another big bowl. NOTE: For a nonalcoholic eggnog, prepare Eggnog as above, except omit the bourbon and rum and increase the milk to 3 cups.",https://www.thecocktaildb.com/images/media/drink/wpspsy1468875747.jpg,"['6 ', '1/4 cup ', '2 cups ', '1/2 cup ', '1/2 cup ', '1 tsp ', '1/4 tsp ', '1 cup ', '6 ', '1/4 cup ', 'Ground ']","question Generate a cocktail with Egg yolk Sugar Milk Light rum Bourbon Vanilla extract Salt Whipping cream Egg white Sugar Nutmeg answer In a small mixer bowl beat egg yolks till blended. Gradually add 1/4 cup sugar, beating at high speed till thick and lemon colored. Stir in milk, stir in rum, bourbon, vanilla, and salt. Chill thoroughly. Whip cream. Wash beaters well. In a large mixer bowl beat egg whites till soft peaks form. Gradually add remaining 1/4 cup sugar, beating to stiff peaks. Fold yolk mixture and whipped cream into egg whites. Serve immediately. Sprinkle nutmeg over each serving. Serve in a punch bowl or another big bowl. NOTE: For a nonalcoholic eggnog, prepare Eggnog as above, except omit the bourbon and rum and increase the milk to 3 cups."
95,95,English Highball,"['Brandy', 'Gin', 'Sweet Vermouth', 'Carbonated water', 'Lemon peel']",Alcoholic,Ordinary Drink,Highball glass,"Pour brandy, gin, and sweet vermouth into a highball glass over ice cubes. Fill with carbonated water. Add the twist of lemon peel, stir, and serve. (Ginger ale may be substituted for carbonated water, if preferred.)",https://www.thecocktaildb.com/images/media/drink/dhvr7d1504519752.jpg,"['3/4 oz ', '3/4 oz ', '3/4 oz ', None, None]","question Generate a cocktail with Brandy Gin Sweet Vermouth Carbonated water Lemon peel answer Pour brandy, gin, and sweet vermouth into a highball glass over ice cubes. Fill with carbonated water. Add the twist of lemon peel, stir, and serve. (Ginger ale may be substituted for carbonated water, if preferred.)"
96,96,Espresso Martini,"['Vodka', 'Kahlua', 'Sugar syrup']",Alcoholic,Cocktail,Cocktail glass,"Pour ingredients into shaker filled with ice, shake vigorously, and strain into chilled martini glass",https://www.thecocktaildb.com/images/media/drink/n0sx531504372951.jpg,"['5 cl', '1 cl', '1 dash']","question Generate a cocktail with Vodka Kahlua Sugar syrup answer Pour ingredients into shaker filled with ice, shake vigorously, and strain into chilled martini glass"
97,97,Espresso Rumtini,"['Rum', 'Vanilla syrup', 'Espresso', 'Coffee']",Alcoholic,Cocktail,Cocktail glass,Mix together in a cocktail glass. Garnish with some choclate powder and coffee beans,https://www.thecocktaildb.com/images/media/drink/acvf171561574403.jpg,"['1 shot', '1/2 shot', '1 shot', '1 shot']",question Generate a cocktail with Rum Vanilla syrup Espresso Coffee answer Mix together in a cocktail glass. Garnish with some choclate powder and coffee beans
98,98,Egg Nog - Healthy,"['Egg', 'Sugar', 'Condensed milk', 'Milk', 'Vanilla extract', 'Rum', 'Nutmeg']",Optional alcohol,Punch / Party Drink,Collins Glass,"Whip egg substitute and sugar together, combine with the two kinds of milk, vanilla, and rum. Mix well. Chill over night. Sprinkle with nutmeg. Makes 6 servings.",https://www.thecocktaildb.com/images/media/drink/qxuppv1468875308.jpg,"['1/2 cup ', '3 tblsp ', '13 oz skimmed ', '3/4 cup skimmed ', '1 tsp ', '1 tsp ', '\n']","question Generate a cocktail with Egg Sugar Condensed milk Milk Vanilla extract Rum Nutmeg answer Whip egg substitute and sugar together, combine with the two kinds of milk, vanilla, and rum. Mix well. Chill over night. Sprinkle with nutmeg. Makes 6 servings."
99,99,English Rose Cocktail,"['Apricot brandy', 'Gin', 'Dry Vermouth', 'Grenadine', 'Lemon juice', 'Cherry']",Alcoholic,Ordinary Drink,Cocktail glass,Rub rim of cocktail glass with lemon juice and dip rim of glass in powdered sugar. Shake all ingredients (except cherry) with ice and strain into sugar-rimmed glass. Top with the cherry and serve.,https://www.thecocktaildb.com/images/media/drink/yxwrpp1441208697.jpg,"['3/4 oz ', '1 1/2 oz ', '3/4 oz ', '1 tsp ', '1/4 tsp ', '1 ']",question Generate a cocktail with Apricot brandy Gin Dry Vermouth Grenadine Lemon juice Cherry answer Rub rim of cocktail glass with lemon juice and dip rim of glass in powdered sugar. Shake all ingredients (except cherry) with ice and strain into sugar-rimmed glass. Top with the cherry and serve.
100,100,Elderflower Caipirinha,"['Cachaca', 'Lime', 'Elderflower cordial']",Alcoholic,Cocktail,Collins glass,Take the glass and muddle the lime in it. Fill the glass with crushed ice and add the Cachaca. Stir well and top with some more crushed ice. Garnish with lime and enjoy!,https://www.thecocktaildb.com/images/media/drink/dif7a31614006331.jpg,"['60 ml', '1', '3 cl']",question Generate a cocktail with Cachaca Lime Elderflower cordial answer Take the glass and muddle the lime in it. Fill the glass with crushed ice and add the Cachaca. Stir well and top with some more crushed ice. Garnish with lime and enjoy!
101,101,Egg-Nog - Classic Cooked,"['Egg', 'Sugar', 'Salt', 'Milk', 'Vanilla extract']",Optional alcohol,Punch / Party Drink,Pitcher,"In large saucepan, beat together eggs, sugar and salt, if desired. Stir in 2 cups of the milk. Cook over low heat, stirring constantly, until mixture is thick enough to coat a metal spoon and reaches 160 degrees F. Remove from heat. Stir in remaining 2 cups milk and vanilla. Cover and regfigerate until thoroughly chilled, several hours or overnight. Just before serving, pour into bowl or pitcher. Garnish or add stir-ins, if desired. Choose 1 or several of: Chocolate curls, cinnamon sticks, extracts of flavorings, flavored brandy or liqueur, fruit juice or nectar, ground nutmeg, maraschino cherries, orange slices, peppermint sticks or candy canes, plain brandy, run or whiskey, sherbet or ice-cream, whipping cream, whipped. Serve immediately.",https://www.thecocktaildb.com/images/media/drink/quxsvt1468875505.jpg,"['6 ', '1/4 cup ', '1/4 tsp ', '1 qt ', '1 tsp ']","question Generate a cocktail with Egg Sugar Salt Milk Vanilla extract answer In large saucepan, beat together eggs, sugar and salt, if desired. Stir in 2 cups of the milk. Cook over low heat, stirring constantly, until mixture is thick enough to coat a metal spoon and reaches 160 degrees F. Remove from heat. Stir in remaining 2 cups milk and vanilla. Cover and regfigerate until thoroughly chilled, several hours or overnight. Just before serving, pour into bowl or pitcher. Garnish or add stir-ins, if desired. Choose 1 or several of: Chocolate curls, cinnamon sticks, extracts of flavorings, flavored brandy or liqueur, fruit juice or nectar, ground nutmeg, maraschino cherries, orange slices, peppermint sticks or candy canes, plain brandy, run or whiskey, sherbet or ice-cream, whipping cream, whipped. Serve immediately."
102,102,Empellón Cocina's Fat-Washed Mezcal,"['Mezcal', 'Chocolate liqueur', 'Coffee liqueur']",Alcoholic,Cocktail,Beer Glass,"To ensure that your pork fat is just as delicious as theirs, here’s their adobo marinade and what to do with it (you’ll also need a rack of ribs):

4 ancho chiles, 8 guajillo chiles and 4 chipotle chiles, plus 4 cloves roasted garlic, half a cup of cider vinegar, a quarter teaspoon of Mexican oregano, 1 teaspoon of ground black pepper, a whole clove, a quarter teaspoon of ground cinnamon and a half teaspoon of ground cumin.

Toast the dried chiles and soak in water for at least an hour until they are rehydrated. Drain and discard the soaking liquid. Combine the soaked chiles with the remaining ingredients and purée until smooth.

Cold smoke a rack of baby back pork ribs by taking a large hotel pan with woodchips on one side and charcoal on the other. Place another, smaller, pan with pork ribs, above the charcoal/woodchip pan. Ignite the charcoal, being careful to not ignite the woodchips. Cover both pans with foil and allow to smoke for 10-15 minutes, until desired level of smoke is achieved, then coat with adobo marinade and wrap in tin foil prior to placing ribs in a 300 degree oven for 7 hours. When the ribs have cooled, strain off the fat and use for the infusion.

If you’re having a hard time coming up to the same kind of volume of fat, make up the balance with pork lard from a butcher. To get the same depth of flavor without the ribs, heat up the fat in a pot with a few spoons of the marinade.

Once you’ve got your tub of seasoned pork fat in cooled liquid form, pour equal amounts of Ilegal Joven mezcal and fat into a sealable container. Seal the container and give it a really good shake, then put it in the freezer overnight. When the whole thing is separated and congealed, pour it through a fine mesh chinoise. If you don’t have a chinoise, try a fine mesh strainer, or if you don’t have one of those, try spooning off most of the fat. There will be some beads of orange fat left in the strained mezcal: run that through a few layers of cheesecloth (or coffee filters in a pinch) to get rid of the last of it.

The mezcal is now ready for drinking, straight-up or in a cocktail. 

Habanero tincture

Slice habaneros and add 2 ounces Ilegal Joven mezcal.
Allow to sit overnight or until desired level of heat is achieved.
Cocktail

Combine mezcal and chocolate liqueur in a mixing glass with ice and stir for 45 seconds.
Strain into chilled coupe.
Carefully ""sink"" the coffee liqueur down the inside of the coupe over a spoon.
Garnish with 5 drops habanero tincture.",https://www.thecocktaildb.com/images/media/drink/osgvxt1513595509.jpg,"['2 oz', '3/4 oz', '1/2 oz']","question Generate a cocktail with Mezcal Chocolate liqueur Coffee liqueur answer To ensure that your pork fat is just as delicious as theirs, here’s their adobo marinade and what to do with it (you’ll also need a rack of ribs):

4 ancho chiles, 8 guajillo chiles and 4 chipotle chiles, plus 4 cloves roasted garlic, half a cup of cider vinegar, a quarter teaspoon of Mexican oregano, 1 teaspoon of ground black pepper, a whole clove, a quarter teaspoon of ground cinnamon and a half teaspoon of ground cumin.

Toast the dried chiles and soak in water for at least an hour until they are rehydrated. Drain and discard the soaking liquid. Combine the soaked chiles with the remaining ingredients and purée until smooth.

Cold smoke a rack of baby back pork ribs by taking a large hotel pan with woodchips on one side and charcoal on the other. Place another, smaller, pan with pork ribs, above the charcoal/woodchip pan. Ignite the charcoal, being careful to not ignite the woodchips. Cover both pans with foil and allow to smoke for 10-15 minutes, until desired level of smoke is achieved, then coat with adobo marinade and wrap in tin foil prior to placing ribs in a 300 degree oven for 7 hours. When the ribs have cooled, strain off the fat and use for the infusion.

If you’re having a hard time coming up to the same kind of volume of fat, make up the balance with pork lard from a butcher. To get the same depth of flavor without the ribs, heat up the fat in a pot with a few spoons of the marinade.

Once you’ve got your tub of seasoned pork fat in cooled liquid form, pour equal amounts of Ilegal Joven mezcal and fat into a sealable container. Seal the container and give it a really good shake, then put it in the freezer overnight. When the whole thing is separated and congealed, pour it through a fine mesh chinoise. If you don’t have a chinoise, try a fine mesh strainer, or if you don’t have one of those, try spooning off most of the fat. There will be some beads of orange fat left in the strained mezcal: run that through a few layers of cheesecloth (or coffee filters in a pinch) to get rid of the last of it.

The mezcal is now ready for drinking, straight-up or in a cocktail. 

Habanero tincture

Slice habaneros and add 2 ounces Ilegal Joven mezcal.
Allow to sit overnight or until desired level of heat is achieved.
Cocktail

Combine mezcal and chocolate liqueur in a mixing glass with ice and stir for 45 seconds.
Strain into chilled coupe.
Carefully ""sink"" the coffee liqueur down the inside of the coupe over a spoon.
Garnish with 5 drops habanero tincture."
103,103,Frosé,"['Rose', 'Sugar', 'Strawberries', 'Lemon Juice']",Alcoholic,Cocktail,Cocktail glass,"Step 1
Pour rosé into a 13x9"" pan and freeze until almost solid (it won't completely solidify due to the alcohol), at least 6 hours.

Step 2
Meanwhile, bring sugar and ½ cup water to a boil in a medium saucepan; cook, stirring constantly, until sugar dissolves, about 3 minutes. Add strawberries, remove from heat, and let sit 30 minutes to infuse syrup with strawberry flavor. Strain through a fine-mesh sieve into a small bowl (do not press on solids); cover and chill until cold, about 30 minutes.

Step 3
Scrape rosé into a blender. Add lemon juice, 3½ ounces strawberry syrup, and 1 cup crushed ice and purée until smooth. Transfer blender jar to freezer and freeze until frosé is thickened (aim for milkshake consistency), 25–35 minutes.

Step 4
Blend again until frosé is slushy. Divide among glasses.

Step 5
Do Ahead: Rosé can be frozen 1 week ahead.",https://www.thecocktaildb.com/images/media/drink/b4cadp1619695347.jpg,"['750 ml', '1/2 cup', '8 oz', '2-3 oz']","question Generate a cocktail with Rose Sugar Strawberries Lemon Juice answer Step 1
Pour rosé into a 13x9"" pan and freeze until almost solid (it won't completely solidify due to the alcohol), at least 6 hours.

Step 2
Meanwhile, bring sugar and ½ cup water to a boil in a medium saucepan; cook, stirring constantly, until sugar dissolves, about 3 minutes. Add strawberries, remove from heat, and let sit 30 minutes to infuse syrup with strawberry flavor. Strain through a fine-mesh sieve into a small bowl (do not press on solids); cover and chill until cold, about 30 minutes.

Step 3
Scrape rosé into a blender. Add lemon juice, 3½ ounces strawberry syrup, and 1 cup crushed ice and purée until smooth. Transfer blender jar to freezer and freeze until frosé is thickened (aim for milkshake consistency), 25–35 minutes.

Step 4
Blend again until frosé is slushy. Divide among glasses.

Step 5
Do Ahead: Rosé can be frozen 1 week ahead."
104,104,Frappé,"['Coffee', 'Milk', 'Sugar']",Non alcoholic,Coffee / Tea,Highball Glass,"Mix together. Blend at highest blender speed for about 1 minute. Pour into a glass and drink with a straw. Notes: This works best if everything is cold (if you make fresh coffee, mix it with the milk and let it sit in the fridge for 1/2 hour. If it is not frothy, add more milk, or even just some more milk powder. The froth gradually turns to liquid at the bottom of the glass, so you will find that you can sit and drink this for about 1/2 hour, with more iced coffee continually appearing at the bottom. Very refreshing.",https://www.thecocktaildb.com/images/media/drink/vqwryq1441245927.jpg,"['1/2 cup black ', '1/2 cup ', '1-2 tsp ']","question Generate a cocktail with Coffee Milk Sugar answer Mix together. Blend at highest blender speed for about 1 minute. Pour into a glass and drink with a straw. Notes: This works best if everything is cold (if you make fresh coffee, mix it with the milk and let it sit in the fridge for 1/2 hour. If it is not frothy, add more milk, or even just some more milk powder. The froth gradually turns to liquid at the bottom of the glass, so you will find that you can sit and drink this for about 1/2 hour, with more iced coffee continually appearing at the bottom. Very refreshing."
105,105,Foxy Lady,"['Amaretto', 'Creme de Cacao', 'Light cream']",Alcoholic,Ordinary Drink,Cocktail glass,"Shake all ingredients with ice, strain into a chilled cocktail glass, and serve.",https://www.thecocktaildb.com/images/media/drink/r9cz3q1504519844.jpg,"['1/2 oz ', '1/2 oz ', '2 oz ']","question Generate a cocktail with Amaretto Creme de Cacao Light cream answer Shake all ingredients with ice, strain into a chilled cocktail glass, and serve."
106,106,French 75,"['Gin', 'Sugar', 'Lemon juice', 'Champagne', 'Orange', 'Maraschino cherry']",Alcoholic,Ordinary Drink,Collins glass,"Combine gin, sugar, and lemon juice in a cocktail shaker filled with ice. Shake vigorously and strain into a chilled champagne glass. Top up with Champagne. Stir gently.",https://www.thecocktaildb.com/images/media/drink/hrxfbl1606773109.jpg,"['1 1/2 oz ', '2 tsp superfine ', '1 1/2 oz ', '4 oz Chilled ', '1 ', '1 ']","question Generate a cocktail with Gin Sugar Lemon juice Champagne Orange Maraschino cherry answer Combine gin, sugar, and lemon juice in a cocktail shaker filled with ice. Shake vigorously and strain into a chilled champagne glass. Top up with Champagne. Stir gently."
107,107,Figgy Thyme,"['Vodka', 'Honey', 'Figs', 'Thyme', 'Angostura Bitters', 'Tonic Water']",Alcoholic,Cocktail,Highball glass,"In a lewis bag, crush up some ice like a baller/maniac (@glacioice). Pour your precious ice into a collins glass. In a cocktail shaker, muddle the figs and thyme together. Add honey vodka, lemon juice, and a large ice cube (@glacioice). Shake until well chilled, and strain into glass. Add tonic water and finally 2 dashes of angostura bitters. Garnish with sliced figs and thyme.",https://www.thecocktaildb.com/images/media/drink/pbw4e51606766578.jpg,"['2 oz', '1 tsp', '3', '1 Sprig', '2 dashes', 'Top']","question Generate a cocktail with Vodka Honey Figs Thyme Angostura Bitters Tonic Water answer In a lewis bag, crush up some ice like a baller/maniac (@glacioice). Pour your precious ice into a collins glass. In a cocktail shaker, muddle the figs and thyme together. Add honey vodka, lemon juice, and a large ice cube (@glacioice). Shake until well chilled, and strain into glass. Add tonic water and finally 2 dashes of angostura bitters. Garnish with sliced figs and thyme."
108,108,Frisco Sour,"['Blended whiskey', 'Benedictine', 'Lemon', 'Lime', 'Lemon', 'Lime']",Alcoholic,Ordinary Drink,Whiskey sour glass,Shake all ingredients (except slices of lemon and lime) with ice and strain into a whiskey sour glass. Decorate with the slices of lemon and lime and serve.,https://www.thecocktaildb.com/images/media/drink/acuvjz1582482022.jpg,"['2 oz ', '1/2 oz ', 'Juice of 1/4 ', 'Juice of 1/2 ', '1 slice ', '1 slice ']",question Generate a cocktail with Blended whiskey Benedictine Lemon Lime Lemon Lime answer Shake all ingredients (except slices of lemon and lime) with ice and strain into a whiskey sour glass. Decorate with the slices of lemon and lime and serve.
109,109,Fruit Shake,"['Yoghurt', 'Banana', 'Orange juice', 'Fruit', 'Ice']",Non alcoholic,Other / Unknown,Highball Glass,Blend til smooth.,https://www.thecocktaildb.com/images/media/drink/q0fg2m1484430704.jpg,"['1 cup fruit ', '1 ', '4 oz frozen ', '1/2 piece textural ', '6 ']",question Generate a cocktail with Yoghurt Banana Orange juice Fruit Ice answer Blend til smooth.
110,110,Fruit Cooler,"['Apple juice', 'Strawberries', 'Sugar', 'Lemon', 'Apple', 'Soda water', 'Ice']",Non alcoholic,Other / Unknown,Highball Glass,"Toss strawberries with sugar, and let sit overnight in refrigerator. Cut lemon, reserve two slices. Juice the rest. Mix together the lemon juice, strawberries, apple juice, and soda water. Add slices of lemon (decor, really). In glasses, put ice cubes, and a slice of apple. Pour drink in, and serve.",https://www.thecocktaildb.com/images/media/drink/i3tfn31484430499.jpg,"['1 can frozen ', '1 cup ', '2 tblsp ', '1 ', '1 ', '1 L ', None]","question Generate a cocktail with Apple juice Strawberries Sugar Lemon Apple Soda water Ice answer Toss strawberries with sugar, and let sit overnight in refrigerator. Cut lemon, reserve two slices. Juice the rest. Mix together the lemon juice, strawberries, apple juice, and soda water. Add slices of lemon (decor, really). In glasses, put ice cubes, and a slice of apple. Pour drink in, and serve."
111,111,Freddy Kruger,"['Jägermeister', 'Sambuca', 'Vodka']",Alcoholic,Shot,Shot glass,make it an ample size shot!!,https://www.thecocktaildb.com/images/media/drink/tuppuq1461866798.jpg,"['1/2 oz ', '1/2 oz ', '1/2 oz ']",question Generate a cocktail with Jägermeister Sambuca Vodka answer make it an ample size shot!!
112,112,Funk and Soul,"['Rum', 'Apricot Nectar', 'Pomegranate juice', 'lemon', 'Soda Water']",Alcoholic,Cocktail,Collins glass,Mix all ingredients together and strain into a Collins glass. Use Jamaican rum where possible for a more authentic taste.,https://www.thecocktaildb.com/images/media/drink/qtv83q1596015790.jpg,"['2 shots', '1 shot', '1 shot', 'Juice of 1/2', 'Top']",question Generate a cocktail with Rum Apricot Nectar Pomegranate juice lemon Soda Water answer Mix all ingredients together and strain into a Collins glass. Use Jamaican rum where possible for a more authentic taste.
113,113,Fuzzy Asshole,"['Coffee', 'Peach schnapps']",Alcoholic,Coffee / Tea,Coffee mug,fill coffe mug half full of coffee. Fill the other half full of Peach Schnapps. Stir and drink while hot.,https://www.thecocktaildb.com/images/media/drink/wrvpuu1472667898.jpg,"['1/2 ', '1/2 ']",question Generate a cocktail with Coffee Peach schnapps answer fill coffe mug half full of coffee. Fill the other half full of Peach Schnapps. Stir and drink while hot.
114,114,French Martini,"['Vodka', 'Raspberry Liqueur', 'pineapple juice']",Alcoholic,Cocktail,Cocktail glass,Pour all ingredients into shaker with ice cubes. Shake well and strain into a chilled cocktail glass. Squeeze oil from lemon peel onto the drink.,https://www.thecocktaildb.com/images/media/drink/clth721504373134.jpg,"['4.5 cl', '1.5 cl', '1.5 cl']",question Generate a cocktail with Vodka Raspberry Liqueur pineapple juice answer Pour all ingredients into shaker with ice cubes. Shake well and strain into a chilled cocktail glass. Squeeze oil from lemon peel onto the drink.
115,115,French Negroni,"['Gin', 'Lillet', 'Sweet Vermouth', 'Orange Peel']",Alcoholic,Cocktail,Martini Glass,"Add ice to a shaker and pour in all ingredients.
Using a bar spoon, stir 40 to 45 revolutions or until thoroughly chilled.
Strain into a martini glass or over ice into a rocks glass. Garnish with orange twist.",https://www.thecocktaildb.com/images/media/drink/x8lhp41513703167.jpg,"['1 oz', '1 oz', '1 oz', '1']","question Generate a cocktail with Gin Lillet Sweet Vermouth Orange Peel answer Add ice to a shaker and pour in all ingredients.
Using a bar spoon, stir 40 to 45 revolutions or until thoroughly chilled.
Strain into a martini glass or over ice into a rocks glass. Garnish with orange twist."
116,116,Fahrenheit 5000,"['Firewater', 'Absolut Peppar', 'Tabasco sauce']",Alcoholic,Shot,Shot glass,Cover bottom of shot glass with Tabasco Sauce and then fill with half Firewater and half Absolut Peppar.,https://www.thecocktaildb.com/images/media/drink/tysssx1473344692.jpg,"['1/2 oz ', '1/2 oz ', '1 dash ']",question Generate a cocktail with Firewater Absolut Peppar Tabasco sauce answer Cover bottom of shot glass with Tabasco Sauce and then fill with half Firewater and half Absolut Peppar.
117,117,Flying Dutchman,"['Gin', 'Triple sec']",Alcoholic,Ordinary Drink,Old-fashioned glass,"In an old-fashioned glass almost filled with ice cubes, combine the gin and triple sec. Stir well.",https://www.thecocktaildb.com/images/media/drink/mwko4q1582482903.jpg,"['2 oz ', '1/2 oz ']","question Generate a cocktail with Gin Triple sec answer In an old-fashioned glass almost filled with ice cubes, combine the gin and triple sec. Stir well."
118,118,Frozen Daiquiri,"['Light rum', 'Triple sec', 'Lime juice', 'Sugar', 'Cherry', 'Ice']",Alcoholic,Ordinary Drink,Champagne flute,"Combine all ingredients (except for the cherry) in an electric blender and blend at a low speed for five seconds, then blend at a high speed until firm. Pour contents into a champagne flute, top with the cherry, and serve.",https://www.thecocktaildb.com/images/media/drink/7oyrj91504884412.jpg,"['1 1/2 oz ', '1 tblsp ', '1 1/2 oz ', '1 tsp ', '1 ', '1 cup crushed ']","question Generate a cocktail with Light rum Triple sec Lime juice Sugar Cherry Ice answer Combine all ingredients (except for the cherry) in an electric blender and blend at a low speed for five seconds, then blend at a high speed until firm. Pour contents into a champagne flute, top with the cherry, and serve."
119,119,Fruit Flip-Flop,"['Yoghurt', 'Fruit juice']",Non alcoholic,Other / Unknown,Highball Glass,"Place all ingredients in the blender jar - cover and whiz on medium speed until well blended. Pour in one tall, 2 medium or 3 small glasses and drink up.",https://www.thecocktaildb.com/images/media/drink/nfdx6p1484430633.jpg,"['1 cup ', '1 cup ']","question Generate a cocktail with Yoghurt Fruit juice answer Place all ingredients in the blender jar - cover and whiz on medium speed until well blended. Pour in one tall, 2 medium or 3 small glasses and drink up."
120,120,Flying Scotchman,"['Scotch', 'Sweet Vermouth', 'Bitters', 'Sugar syrup']",Alcoholic,Ordinary Drink,Cocktail glass,"Shake all ingredients with ice, strain into a cocktail glass, and serve.",https://www.thecocktaildb.com/images/media/drink/q53l911582482518.jpg,"['1 oz ', '1 oz ', '1 dash ', '1/4 tsp ']","question Generate a cocktail with Scotch Sweet Vermouth Bitters Sugar syrup answer Shake all ingredients with ice, strain into a cocktail glass, and serve."
121,121,French Connection,"['Cognac', 'Amaretto']",Alcoholic,Ordinary Drink,Old-fashioned glass,Pour all ingredients directly into old fashioned glass filled with ice cubes. Stir gently.,https://www.thecocktaildb.com/images/media/drink/zaqa381504368758.jpg,"['1 1/2 oz ', '3/4 oz ']",question Generate a cocktail with Cognac Amaretto answer Pour all ingredients directly into old fashioned glass filled with ice cubes. Stir gently.
122,122,Flaming Dr. Pepper,"['Amaretto', 'Vodka', '151 proof rum', 'Dr. Pepper', 'Beer']",Alcoholic,Shot,Collins Glass,"Add Amaretto, Bacardi, and vodka. Mix in the Dr. Pepper and beer",https://www.thecocktaildb.com/images/media/drink/d30z931503565384.jpg,"['1 oz ', '1 oz ', '1 oz Bacardi ', '1 oz ', '1 oz ']","question Generate a cocktail with Amaretto Vodka 151 proof rum Dr. Pepper Beer answer Add Amaretto, Bacardi, and vodka. Mix in the Dr. Pepper and beer"
123,123,Flaming Lamborghini,"['Kahlua', 'Sambuca', 'Blue Curacao', 'Baileys irish cream']",Alcoholic,Cocktail,Cocktail glass,"Pour the Sambuca and Kahlua into the Cocktail Glass and give the drinker a straw. Pour the Baileys and Blue Curacao into two sepsrate shot glasses either side of the cocktail glass. Set light the concotion in the cocktail glass and start to drink through the straw (this drink should be drunk in one) , as the bottom of the glass is reached put out the fire by pouring the Baileys and Blue Curacao into the cocktail glass and keep drinking till it's all gone!!",https://www.thecocktaildb.com/images/media/drink/yywpss1461866587.jpg,"['1 oz ', '1 oz ', '1 oz ', '1 oz ']","question Generate a cocktail with Kahlua Sambuca Blue Curacao Baileys irish cream answer Pour the Sambuca and Kahlua into the Cocktail Glass and give the drinker a straw. Pour the Baileys and Blue Curacao into two sepsrate shot glasses either side of the cocktail glass. Set light the concotion in the cocktail glass and start to drink through the straw (this drink should be drunk in one) , as the bottom of the glass is reached put out the fire by pouring the Baileys and Blue Curacao into the cocktail glass and keep drinking till it's all gone!!"
124,124,Flander's Flake-Out,"['Sambuca', 'Sarsaparilla']",Alcoholic,Ordinary Drink,Collins Glass,Bang 'em both in.,https://www.thecocktaildb.com/images/media/drink/sqvqrx1461866705.jpg,"['1/4 glass ', '3/4 glass ']",question Generate a cocktail with Sambuca Sarsaparilla answer Bang 'em both in.
125,125,Frozen Mint Daiquiri,"['Light rum', 'Lime juice', 'Mint', 'Sugar']",Alcoholic,Ordinary Drink,Old-fashioned glass,Combine all ingredients with 1 cup of crushed ice in an electric blender. Blend at a low speed for a short length of time. Pour into an old-fashioned glass and serve.,https://www.thecocktaildb.com/images/media/drink/jrhn1q1504884469.jpg,"['2 oz ', '1 tblsp ', '6 ', '1 tsp ']",question Generate a cocktail with Light rum Lime juice Mint Sugar answer Combine all ingredients with 1 cup of crushed ice in an electric blender. Blend at a low speed for a short length of time. Pour into an old-fashioned glass and serve.
126,126,Frozen Pineapple Daiquiri,"['Light rum', 'Pineapple', 'Lime juice', 'Sugar']",Alcoholic,Ordinary Drink,Cocktail Glass,Combine all ingredients with 1 cup of crushed ice in an electric blender. Blend at a low speed for a short length of time. Pour into a cocktail glass and serve.,https://www.thecocktaildb.com/images/media/drink/k3aecd1582481679.jpg,"['1 1/2 oz ', '4 chunks ', '1 tblsp ', '1/2 tsp ']",question Generate a cocktail with Light rum Pineapple Lime juice Sugar answer Combine all ingredients with 1 cup of crushed ice in an electric blender. Blend at a low speed for a short length of time. Pour into a cocktail glass and serve.
127,127,GG,"['Galliano', 'Ginger ale', 'Ice']",Optional alcohol,Ordinary Drink,Collins Glass,Pour the Galliano liqueur over ice. Fill the remainder of the glass with ginger ale and thats all there is to it. You now have a your very own GG.,https://www.thecocktaildb.com/images/media/drink/vyxwut1468875960.jpg,"['2 1/2 shots ', None, None]",question Generate a cocktail with Galliano Ginger ale Ice answer Pour the Galliano liqueur over ice. Fill the remainder of the glass with ginger ale and thats all there is to it. You now have a your very own GG.
128,128,Gimlet,"['Gin', 'Lime Juice', 'Sugar Syrup', 'Lime']",Alcoholic,Cocktail,Martini Glass,"Add all the ingredients to a shaker and fill with ice.

Shake, and strain into a chilled cocktail glass or an Old Fashioned glass filled with fresh ice.

Garnish with a lime wheel.",https://www.thecocktaildb.com/images/media/drink/3xgldt1513707271.jpg,"['2 1/2 oz', '1/2 oz', '1/2 oz', '1']","question Generate a cocktail with Gin Lime Juice Sugar Syrup Lime answer Add all the ingredients to a shaker and fill with ice.

Shake, and strain into a chilled cocktail glass or an Old Fashioned glass filled with fresh ice.

Garnish with a lime wheel."
129,129,Godchild,"['Vodka', 'Amaretto', 'Heavy cream']",Alcoholic,Ordinary Drink,Champagne flute,"Shake all ingredients well with cracked ice, strain into a champagne flute, and serve.",https://www.thecocktaildb.com/images/media/drink/m5nhtr1504820829.jpg,"['1 oz ', '1 oz ', '1 oz ']","question Generate a cocktail with Vodka Amaretto Heavy cream answer Shake all ingredients well with cracked ice, strain into a champagne flute, and serve."
130,130,Gin Fizz,"['Gin', 'Lemon', 'Powdered sugar', 'Carbonated water']",Alcoholic,Ordinary Drink,Highball glass,"Shake all ingredients with ice cubes, except soda water. Pour into glass. Top with soda water.",https://www.thecocktaildb.com/images/media/drink/drtihp1606768397.jpg,"['2 oz ', 'Juice of 1/2 ', '1 tsp ', None]","question Generate a cocktail with Gin Lemon Powdered sugar Carbonated water answer Shake all ingredients with ice cubes, except soda water. Pour into glass. Top with soda water."
131,131,Gin Sour,"['Gin', 'Lemon juice', 'Sugar', 'Orange', 'Maraschino cherry']",Alcoholic,Ordinary Drink,Whiskey sour glass,"In a shaker half-filled with ice cubes, combine the gin, lemon juice, and sugar. Shake well. Strain into a sour glass and garnish with the orange slice and the cherry.",https://www.thecocktaildb.com/images/media/drink/noxp7e1606769224.jpg,"['2 oz ', '1 oz ', '1/2 tsp superfine ', '1 ', '1 ']","question Generate a cocktail with Gin Lemon juice Sugar Orange Maraschino cherry answer In a shaker half-filled with ice cubes, combine the gin, lemon juice, and sugar. Shake well. Strain into a sour glass and garnish with the orange slice and the cherry."
132,132,Gagliardo,"['Peach Vodka', 'Lemon juice', 'Galliano', 'Sirup of roses']",Alcoholic,Cocktail,Cocktail glass,"Shake well and serve in a cocktail glass. This is a home cocktail of American/Internet Bar del Pozzo, Pavia, Italy.",https://www.thecocktaildb.com/images/media/drink/lyloe91487602877.jpg,"['5 parts ', '3 parts ', '1 part ', '1 part ']","question Generate a cocktail with Peach Vodka Lemon juice Galliano Sirup of roses answer Shake well and serve in a cocktail glass. This is a home cocktail of American/Internet Bar del Pozzo, Pavia, Italy."
133,133,Godmother,"['Vodka', 'Amaretto']",Alcoholic,Ordinary Drink,Old-fashioned glass,Pour vodka and amaretto into an old-fashioned glass over ice and serve.,https://www.thecocktaildb.com/images/media/drink/quksqg1582582597.jpg,"['1 1/2 oz ', '3/4 oz ']",question Generate a cocktail with Vodka Amaretto answer Pour vodka and amaretto into an old-fashioned glass over ice and serve.
134,134,Godfather,"['Scotch', 'Amaretto']",Alcoholic,Ordinary Drink,Old-fashioned glass,Pour all ingredients directly into old fashioned glass filled with ice cubes. Stir gently.,https://www.thecocktaildb.com/images/media/drink/e5zgao1582582378.jpg,"['1 1/2 oz ', '3/4 oz ']",question Generate a cocktail with Scotch Amaretto answer Pour all ingredients directly into old fashioned glass filled with ice cubes. Stir gently.
135,135,Gluehwein,"['Red wine', 'Water', 'Sugar', 'Cinnamon', 'Cloves', 'Lemon peel']",Optional alcohol,Punch / Party Drink,Irish coffee cup,"Boil sugar and spices in water, leave in the water for 30 minutes. Strain the spiced water and mix with the wine. Heat slowly until short of boiling temperature. (To remove alcohol, let it boil for a while.) You may add lemon or orange juice to taste. Serve in irish coffee cup.",https://www.thecocktaildb.com/images/media/drink/vuxwvt1468875418.jpg,"['1 L ', '125 ml ', '60 gr ', '1 ', '3 ', '1 tblsp ']","question Generate a cocktail with Red wine Water Sugar Cinnamon Cloves Lemon peel answer Boil sugar and spices in water, leave in the water for 30 minutes. Strain the spiced water and mix with the wine. Heat slowly until short of boiling temperature. (To remove alcohol, let it boil for a while.) You may add lemon or orange juice to taste. Serve in irish coffee cup."
136,136,Gin Tonic,"['Gin', 'Tonic Water', 'Lemon Peel', 'Ice']",Alcoholic,Cocktail,Highball glass,"Fill a highball glass with ice, pour the gin, top with tonic water and squeeze a lemon wedge and garnish with a lemon wedge.",https://www.thecocktaildb.com/images/media/drink/qcgz0t1643821443.jpg,"['4 cl', '10 cl', '1 Slice', 'cubes']","question Generate a cocktail with Gin Tonic Water Lemon Peel Ice answer Fill a highball glass with ice, pour the gin, top with tonic water and squeeze a lemon wedge and garnish with a lemon wedge."
137,137,Gin Toddy,"['Gin', 'Water', 'Powdered sugar', 'Lemon peel']",Alcoholic,Ordinary Drink,Old-fashioned glass,"Mix powdered sugar and water in an old-fashioned glass. Add gin and one ice cube. Stir, add the twist of lemon peel, and serve.",https://www.thecocktaildb.com/images/media/drink/jxstwf1582582101.jpg,"['2 oz ', '2 tsp ', '1/2 tsp ', '1 twist of ']","question Generate a cocktail with Gin Water Powdered sugar Lemon peel answer Mix powdered sugar and water in an old-fashioned glass. Add gin and one ice cube. Stir, add the twist of lemon peel, and serve."
138,138,Gin Smash,"['Gin', 'Carbonated water', 'Sugar', 'Mint', 'Orange', 'Cherry']",Alcoholic,Ordinary Drink,Old-fashioned glass,"Muddle sugar with carbonated water and mint sprigs in an old-fashioned glass. Add gin and 1 ice cube. Stir, add the orange slice and the cherry, and serve.",https://www.thecocktaildb.com/images/media/drink/iprva61606768774.jpg,"['2 oz ', '1 oz ', '1 cube ', '4 ', '1 slice ', '1 ']","question Generate a cocktail with Gin Carbonated water Sugar Mint Orange Cherry answer Muddle sugar with carbonated water and mint sprigs in an old-fashioned glass. Add gin and 1 ice cube. Stir, add the orange slice and the cherry, and serve."
139,139,Gin Daisy,"['Gin', 'Lemon juice', 'Sugar', 'Grenadine', 'Maraschino cherry', 'Orange']",Alcoholic,Ordinary Drink,Old-fashioned glass,"In a shaker half-filled with ice cubes, combine the gin, lemon juice, sugar, and grenadine. Shake well. Pour into an old-fashioned glass and garnish with the cherry and the orange slice.",https://www.thecocktaildb.com/images/media/drink/z6e22f1582581155.jpg,"['2 oz ', '1 oz ', '1/2 tsp superfine ', '1/2 tsp ', '1 ', '1 ']","question Generate a cocktail with Gin Lemon juice Sugar Grenadine Maraschino cherry Orange answer In a shaker half-filled with ice cubes, combine the gin, lemon juice, sugar, and grenadine. Shake well. Pour into an old-fashioned glass and garnish with the cherry and the orange slice."
140,140,Gin Lemon,"['Gin', 'Lemon Juice', 'Lemon Peel', 'Ice']",Alcoholic,Cocktail,Highball glass,"For the preparation of the gin lemon you will not need the shaker. Fill the tumbler with ice, pour the gin and lemonade over it. Gently mix and decorate with a slice of lemon. Those who prefer can also add a few mint leaves. Your gin lemon is ready to be served.",https://www.thecocktaildb.com/images/media/drink/6gdohq1681212476.jpg,"['6 cl', '8 cl', '1 Slice', 'cubes']","question Generate a cocktail with Gin Lemon Juice Lemon Peel Ice answer For the preparation of the gin lemon you will not need the shaker. Fill the tumbler with ice, pour the gin and lemonade over it. Gently mix and decorate with a slice of lemon. Those who prefer can also add a few mint leaves. Your gin lemon is ready to be served."
141,141,Gin Sling,"['Gin', 'Lemon', 'Powdered sugar', 'Water', 'Orange peel']",Alcoholic,Ordinary Drink,Old-fashioned glass,Dissolve powdered sugar in mixture of water and juice of lemon. Add gin. Pour into an old-fashioned glass over ice cubes and stir. Add the twist of orange peel and serve.,https://www.thecocktaildb.com/images/media/drink/8cl9sm1582581761.jpg,"['2 oz ', 'Juice of 1/2 ', '1 tsp ', '1 tsp ', 'Twist of ']",question Generate a cocktail with Gin Lemon Powdered sugar Water Orange peel answer Dissolve powdered sugar in mixture of water and juice of lemon. Add gin. Pour into an old-fashioned glass over ice cubes and stir. Add the twist of orange peel and serve.
142,142,Greyhound,"['Vodka', 'Grapefruit Juice']",Alcoholic,Cocktail,Collins glass,"Add the vodka to a Collins glass filled with ice.
Top with grapefruit juice and stir.

",https://www.thecocktaildb.com/images/media/drink/g5upn41513706732.jpg,"['1 1/2 oz', '3 oz']","question Generate a cocktail with Vodka Grapefruit Juice answer Add the vodka to a Collins glass filled with ice.
Top with grapefruit juice and stir.

"
143,143,Gin Rickey,"['Gin', 'Grenadine', 'lemon', 'Soda Water', 'Lime']",Alcoholic,Cocktail,Highball glass,Half-fill a tall glass with ice. Mix the gin and Grenadine together and pour over the ice. Add the lime or lemon juice and top off with soda water. Decorate the glass with lime and/or lemon slices.,https://www.thecocktaildb.com/images/media/drink/s00d6f1504883945.jpg,"['2 oz ', '1 tsp ', 'Juice of 1/2 ', 'Top up with', 'Garnish']",question Generate a cocktail with Gin Grenadine lemon Soda Water Lime answer Half-fill a tall glass with ice. Mix the gin and Grenadine together and pour over the ice. Add the lime or lemon juice and top off with soda water. Decorate the glass with lime and/or lemon slices.
144,144,Gin Squirt,"['Gin', 'Grenadine', 'Powdered sugar', 'Pineapple', 'Strawberries', 'Carbonated water']",Alcoholic,Ordinary Drink,Highball glass,"Stir gin, grenadine, and powdered sugar with ice and strain into a highball glass over ice cubes. Fill with carbonated water and stir. Decorate with the pineapple chunks and the strawberries and serve.",https://www.thecocktaildb.com/images/media/drink/xrbhz61504883702.jpg,"['1 1/2 oz ', '1 tsp ', '1 tblsp ', '3 chunks', '2 ', None]","question Generate a cocktail with Gin Grenadine Powdered sugar Pineapple Strawberries Carbonated water answer Stir gin, grenadine, and powdered sugar with ice and strain into a highball glass over ice cubes. Fill with carbonated water and stir. Decorate with the pineapple chunks and the strawberries and serve."
145,145,Grand Blue,"['Malibu rum', 'Peach schnapps', 'Blue Curacao', 'Sweet and sour']",Alcoholic,Ordinary Drink,Old-fashioned glass,Serve in an old fashioned glass.,https://www.thecocktaildb.com/images/media/drink/vsrsqu1472761749.jpg,"['1 1/2 cl ', '1 1/2 cl ', '1 1/2 cl ', '3 cl ']",question Generate a cocktail with Malibu rum Peach schnapps Blue Curacao Sweet and sour answer Serve in an old fashioned glass.
146,146,Gin Cooler,"['Gin', 'Carbonated water', 'Powdered sugar', 'Orange spiral', 'Lemon peel']",Alcoholic,Ordinary Drink,Collins glass,Stir powdered sugar and 2 oz. carbonated water in a collins glass. Fill glass with ice and add gin. Fill with carbonated water and stir. Add the lemon peel and the orange spiral so that the end of the orange spiral dangles over rim of glass.,https://www.thecocktaildb.com/images/media/drink/678xt11582481163.jpg,"['2 oz ', None, None, None, None]",question Generate a cocktail with Gin Carbonated water Powdered sugar Orange spiral Lemon peel answer Stir powdered sugar and 2 oz. carbonated water in a collins glass. Fill glass with ice and add gin. Fill with carbonated water and stir. Add the lemon peel and the orange spiral so that the end of the orange spiral dangles over rim of glass.
147,147,Gin Swizzle,"['Lime juice', 'Sugar', 'Gin', 'Bitters', 'Club soda']",Alcoholic,Ordinary Drink,Highball glass,"In a shaker half-filled with ice cubes, combine the lime juice, sugar, gin, and bitters. Shake well. Almost fill a colling glass with ice cubes. Stir until the glass is frosted. Strain the mixture in the shaker into the glass and add the club soda.",https://www.thecocktaildb.com/images/media/drink/sybce31504884026.jpg,"['1 1/2 oz ', '1 tsp superfine ', '2 oz ', '1 dash ', '3 oz ']","question Generate a cocktail with Lime juice Sugar Gin Bitters Club soda answer In a shaker half-filled with ice cubes, combine the lime juice, sugar, gin, and bitters. Shake well. Almost fill a colling glass with ice cubes. Stir until the glass is frosted. Strain the mixture in the shaker into the glass and add the club soda."
148,148,Grass Skirt,"['Gin', 'Triple sec', 'Pineapple juice', 'Grenadine', 'Pineapple']",Alcoholic,Ordinary Drink,Old-fashioned glass,"In a shaker half-filled with ice cubes, combine the gin, triple sec, pineapple juice, and grenadine. Shake well. Pour into an old-fashioned glass and garnish with the pineapple slice.",https://www.thecocktaildb.com/images/media/drink/qyvprp1473891585.jpg,"['1 1/2 oz ', '1 oz ', '1 oz ', '1/2 tsp ', '1 ']","question Generate a cocktail with Gin Triple sec Pineapple juice Grenadine Pineapple answer In a shaker half-filled with ice cubes, combine the gin, triple sec, pineapple juice, and grenadine. Shake well. Pour into an old-fashioned glass and garnish with the pineapple slice."
149,149,Grasshopper,"['Green Creme de Menthe', 'Creme de Cacao', 'Light cream']",Alcoholic,Ordinary Drink,Cocktail glass,Pour ingredients into a cocktail shaker with ice. Shake briskly and then strain into a chilled cocktail glass.,https://www.thecocktaildb.com/images/media/drink/aqm9el1504369613.jpg,"['3/4 oz ', '3/4 oz white ', '3/4 oz ']",question Generate a cocktail with Green Creme de Menthe Creme de Cacao Light cream answer Pour ingredients into a cocktail shaker with ice. Shake briskly and then strain into a chilled cocktail glass.
150,150,Grim Reaper,"['Kahlua', '151 proof rum', 'Grenadine']",Alcoholic,Ordinary Drink,Old-fashioned glass,Mix Kahlua and 151 in glass. Quickly add ice and pour grenadine over ice to give ice red tint.,https://www.thecocktaildb.com/images/media/drink/kztu161504883192.jpg,"['1 oz ', '1 oz Bacardi ', '1 dash ']",question Generate a cocktail with Kahlua 151 proof rum Grenadine answer Mix Kahlua and 151 in glass. Quickly add ice and pour grenadine over ice to give ice red tint.
151,151,Gin and Soda,"['Gin', 'Soda Water', 'Lime']",Alcoholic,Cocktail,Highball glass,"Pour the Gin and Soda water into a highball glass almost filled with ice cubes.
Stir well.
Garnish with the lime wedge.",https://www.thecocktaildb.com/images/media/drink/nzlyc81605905755.jpg,"['2 oz', '5 oz', '1/4']","question Generate a cocktail with Gin Soda Water Lime answer Pour the Gin and Soda water into a highball glass almost filled with ice cubes.
Stir well.
Garnish with the lime wedge."
152,152,H.D.,"['Whisky', 'Baileys irish cream', 'Coffee']",Alcoholic,Coffee / Tea,Beer mug,Mix the whisky and Baileys Cream in a beer-glass (at least 50 cl). Fill the rest of the glass with coffee.,https://www.thecocktaildb.com/images/media/drink/upusyu1472667977.jpg,"['4 cl ', '8 cl ', None]",question Generate a cocktail with Whisky Baileys irish cream Coffee answer Mix the whisky and Baileys Cream in a beer-glass (at least 50 cl). Fill the rest of the glass with coffee.
153,153,Honey Bee,"['White Rum', 'Honey', 'Lemon Juice']",Alcoholic,Cocktail,Margarita glass,"Shake ingredients with crushed ice
",https://www.thecocktaildb.com/images/media/drink/vu8l7t1582475673.jpg,"['6 cl', '2 cl', '2 cl']","question Generate a cocktail with White Rum Honey Lemon Juice answer Shake ingredients with crushed ice
"
154,154,Hot Toddy,"['Whiskey', 'Honey', 'Cinnamon', 'lemon', 'Cloves']",Alcoholic,Cocktail,Irish coffee cup,"STEP 1
Whisk the whisky and honey together and split between 2 heatproof glasses. Add half of the cinnamon stick to each, then top up with 200ml boiling water.

STEP 2
Add a splash of lemon juice to each, then taste and add more to your preference. Finish each with a slice of lemon, studded with a clove, and serve immediately.",https://www.thecocktaildb.com/images/media/drink/ggx0lv1613942306.jpg,"['50 ml', '15 ml', '1', '1', '2']","question Generate a cocktail with Whiskey Honey Cinnamon lemon Cloves answer STEP 1
Whisk the whisky and honey together and split between 2 heatproof glasses. Add half of the cinnamon stick to each, then top up with 200ml boiling water.

STEP 2
Add a splash of lemon juice to each, then taste and add more to your preference. Finish each with a slice of lemon, studded with a clove, and serve immediately."
155,155,Herbal flame,"['Hot Damn', 'Tea']",Alcoholic,Coffee / Tea,Mason jar,"Pour Hot Damn 100 in bottom of a jar or regular glass. Fill the rest of the glass with sweet tea. Stir with spoon, straw, or better yet a cinnamon stick and leave it in.",https://www.thecocktaildb.com/images/media/drink/rrstxv1441246184.jpg,"['5 shots ', 'very sweet ']","question Generate a cocktail with Hot Damn Tea answer Pour Hot Damn 100 in bottom of a jar or regular glass. Fill the rest of the glass with sweet tea. Stir with spoon, straw, or better yet a cinnamon stick and leave it in."
156,156,Horse's Neck,"['Lemon peel', 'Brandy', 'Ginger ale', 'Bitters']",Alcoholic,Ordinary Drink,Highball glass,"Pour brandy and ginger ale directly into highball glass with ice cubes. Stir gently. Garnish with lemon zest. If desired, add dashes of Angostura Bitter.",https://www.thecocktaildb.com/images/media/drink/006k4e1504370092.jpg,"['1 long strip ', '2 oz ', '5 oz ', '2 dashes ']","question Generate a cocktail with Lemon peel Brandy Ginger ale Bitters answer Pour brandy and ginger ale directly into highball glass with ice cubes. Stir gently. Garnish with lemon zest. If desired, add dashes of Angostura Bitter."
157,157,Happy Skipper,"['Spiced rum', 'Ginger ale', 'Lime', 'Ice']",Alcoholic,Ordinary Drink,Highball glass,"Pour Captain Morgan's Spiced Rum over ice, fill glass to top with Ginger Ale. Garnish with lime. Tastes like a cream soda. Named for the Gilligan's Island reference (""The Captain"" *in* ""Ginger"" is a Happy Skipper!)",https://www.thecocktaildb.com/images/media/drink/42w2g41487602448.jpg,"['1 1/2 cl ', None, None, None]","question Generate a cocktail with Spiced rum Ginger ale Lime Ice answer Pour Captain Morgan's Spiced Rum over ice, fill glass to top with Ginger Ale. Garnish with lime. Tastes like a cream soda. Named for the Gilligan's Island reference (""The Captain"" *in* ""Ginger"" is a Happy Skipper!)"
158,158,Hunter's Moon,"['Vermouth', 'Maraschino Cherry', 'Sugar Syrup', 'Lemonade', 'Blackberries']",Alcoholic,Cocktail,Balloon Glass,"Put the Bombay Sapphire, Martini Bianco, sugar syrup & blackberries in a cocktail shaker with lots of ice and shake vigorously before pouring into a balloon glass, topping up with lemonade and garnishing with a wedge of orange.",https://www.thecocktaildb.com/images/media/drink/t0iugg1509556712.jpg,"['25 ml', '15 ml', '10 ml', '100 ml', '2']","question Generate a cocktail with Vermouth Maraschino Cherry Sugar Syrup Lemonade Blackberries answer Put the Bombay Sapphire, Martini Bianco, sugar syrup & blackberries in a cocktail shaker with lots of ice and shake vigorously before pouring into a balloon glass, topping up with lemonade and garnishing with a wedge of orange."
159,159,Halloween Punch,"['Cherry Juice', 'Orange Peel', 'Red Chili Flakes', 'Cloves', 'Ginger', 'Vodka']",Alcoholic,Punch / Party Drink,Punch bowl,"Tip the cherry juice, orange peel, chilli, cinnamon sticks, cloves and ginger into a large saucepan. Simmer for 5 mins, then turn off the heat. Leave to cool, then chill for at least 4 hrs, or up to 2 days – the longer you leave it the more intense the flavours. If serving to young children, take the chilli out after a few hours.

When you’re ready to serve, pour the juice into a jug. Serve in glass bottles or glasses and pop a straw in each. If you're adding vodka, do so at this stage. Dangle a fangs sweet from each glass.",https://www.thecocktaildb.com/images/media/drink/7hcgyj1571687671.jpg,"['1 bottle', '3', '1', '10', '6', '20 cl']","question Generate a cocktail with Cherry Juice Orange Peel Red Chili Flakes Cloves Ginger Vodka answer Tip the cherry juice, orange peel, chilli, cinnamon sticks, cloves and ginger into a large saucepan. Simmer for 5 mins, then turn off the heat. Leave to cool, then chill for at least 4 hrs, or up to 2 days – the longer you leave it the more intense the flavours. If serving to young children, take the chilli out after a few hours.

When you’re ready to serve, pour the juice into a jug. Serve in glass bottles or glasses and pop a straw in each. If you're adding vodka, do so at this stage. Dangle a fangs sweet from each glass."
160,160,Havana Cocktail,"['Light rum', 'Pineapple juice', 'Lemon juice']",Alcoholic,Ordinary Drink,Cocktail glass,"In a shaker half-filled with ice cubes, combine all of the ingredients. Shake well. Strain into a cocktail glass.",https://www.thecocktaildb.com/images/media/drink/59splc1504882899.jpg,"['1 oz ', '1 oz ', '1 tsp ']","question Generate a cocktail with Light rum Pineapple juice Lemon juice answer In a shaker half-filled with ice cubes, combine all of the ingredients. Shake well. Strain into a cocktail glass."
161,161,Holloween Punch,"['Grape juice', 'Carbonated soft drink', 'Sherbet', 'Sherbet']",Non alcoholic,Punch / Party Drink,Punch bowl,"Take a bunch of grape juice and a bunch of fizzy stuff (club soda, ginger ale, lemonlime, whatever). Mix them in a punch bowl. Take orange sherbet and lime sherbet. Scoop out scoops and float them in the punch, let them melt a little so that a nasty film spreads all over the top of the punch but there are still ""bubbles"" in it in the form of sherbet scoops. Looks horrible, tastes just fine.",https://www.thecocktaildb.com/images/media/drink/lfeoe41504888925.jpg,"[None, ', orange\n', None, None]","question Generate a cocktail with Grape juice Carbonated soft drink Sherbet Sherbet answer Take a bunch of grape juice and a bunch of fizzy stuff (club soda, ginger ale, lemonlime, whatever). Mix them in a punch bowl. Take orange sherbet and lime sherbet. Scoop out scoops and float them in the punch, let them melt a little so that a nasty film spreads all over the top of the punch but there are still ""bubbles"" in it in the form of sherbet scoops. Looks horrible, tastes just fine."
162,162,Homemade Kahlua,"['Sugar', 'Corn syrup', 'Coffee', 'Vanilla extract', 'Water', 'Vodka']",Alcoholic,Homemade Liqueur,Collins Glass,"Dissolve sugar in 2 cups of boiling water and add corn syrup. Dissolve the instant coffee in the remaining water. Pour syrup and coffee in a gallon jug. Let it cool. Add vodka and vanilla when cold. For the best result, let the mixture ""mature"" for 4-5 weeks.",https://www.thecocktaildb.com/images/media/drink/uwtsst1441254025.jpg,"['2 1/2 cups ', '1 cup ', '1 1/2 oz instant ', '2 oz ', '3 cups boiling ', '1 fifth ']","question Generate a cocktail with Sugar Corn syrup Coffee Vanilla extract Water Vodka answer Dissolve sugar in 2 cups of boiling water and add corn syrup. Dissolve the instant coffee in the remaining water. Pour syrup and coffee in a gallon jug. Let it cool. Add vodka and vanilla when cold. For the best result, let the mixture ""mature"" for 4-5 weeks."
163,163,Hot Creamy Bush,"['Irish whiskey', 'Baileys irish cream', 'Coffee']",Alcoholic,Coffee / Tea,Irish coffee cup,Combine all ingredients in glass,https://www.thecocktaildb.com/images/media/drink/spvrtp1472668037.jpg,"['1 shot ', '3/4 shot ', '6 oz hot ']",question Generate a cocktail with Irish whiskey Baileys irish cream Coffee answer Combine all ingredients in glass
164,164,Harvey Wallbanger,"['Vodka', 'Galliano', 'Orange juice']",Alcoholic,Ordinary Drink,Collins glass,"Stir the vodka and orange juice with ice in the glass, then float the Galliano on top. Garnish and serve.",https://www.thecocktaildb.com/images/media/drink/7os4gs1606854357.jpg,"['1 oz ', '1/2 oz ', '4 oz ']","question Generate a cocktail with Vodka Galliano Orange juice answer Stir the vodka and orange juice with ice in the glass, then float the Galliano on top. Garnish and serve."
165,165,Hawaiian Cocktail,"['Gin', 'Triple sec', 'Pineapple juice']",Alcoholic,Ordinary Drink,Cocktail glass,"Shake all ingredients with ice, strain into a cocktail glass, and serve.",https://www.thecocktaildb.com/images/media/drink/ujoh9x1504882987.jpg,"['2 oz ', '1/2 oz ', '1 tblsp ']","question Generate a cocktail with Gin Triple sec Pineapple juice answer Shake all ingredients with ice, strain into a cocktail glass, and serve."
166,166,Hemingway Special,"['Rum', 'Grapefruit Juice', 'Maraschino Liqueur', 'Lime Juice']",Alcoholic,Ordinary Drink,Cocktail glass,Pour all ingredients into a shaker with ice. Shake.,https://www.thecocktaildb.com/images/media/drink/jfcvps1504369888.jpg,"['12 parts', '8 parts', '3 parts', '3 parts']",question Generate a cocktail with Rum Grapefruit Juice Maraschino Liqueur Lime Juice answer Pour all ingredients into a shaker with ice. Shake.
167,167,Highland Fling Cocktail,"['Scotch', 'Sweet Vermouth', 'Orange bitters', 'Olive']",Alcoholic,Ordinary Drink,Cocktail glass,Stir all ingredients (except olive) with ice and strain into a cocktail glass. Add the olive and serve.,https://www.thecocktaildb.com/images/media/drink/0bkwca1492975553.jpg,"['1 1/2 oz ', '3/4 oz ', '2 dashes ', '1 ']",question Generate a cocktail with Scotch Sweet Vermouth Orange bitters Olive answer Stir all ingredients (except olive) with ice and strain into a cocktail glass. Add the olive and serve.
168,168,Hot Chocolate to Die for,"['Chocolate', 'Butter', 'Vanilla extract', 'Half-and-half', 'Marshmallows']",Non alcoholic,Cocoa,Coffee mug,"Melt the chocolate, butter and vanilla in a double boiler. When just smooth stir in the cream.",https://www.thecocktaildb.com/images/media/drink/0lrmjp1487603166.jpg,"['12 oz fine ', '1 tsp ', '1/2 tsp ', '1 cup ', 'mini ']","question Generate a cocktail with Chocolate Butter Vanilla extract Half-and-half Marshmallows answer Melt the chocolate, butter and vanilla in a double boiler. When just smooth stir in the cream."
169,169,Ipamena,"['Lime', 'Brown sugar', 'Passion fruit juice', 'Ginger ale', 'Ice']",Non alcoholic,Ordinary Drink,Wine Glass,"Cut half a lime into pieces, place in a shaker, add the sugar and crush. Measure the passion fruit juice, add it to the shaker and fill up with ice cubes. Close the shaker and shake vigorously. Pour the liquid into a glass, top up with ginger ale, stir with a teaspoon and then garnish the rim of the glass with a slice of lime",https://www.thecocktaildb.com/images/media/drink/yswuwp1469090992.jpg,"['½', '2 tsp', '4 cl', 'top up with', 'fill']","question Generate a cocktail with Lime Brown sugar Passion fruit juice Ginger ale Ice answer Cut half a lime into pieces, place in a shaker, add the sugar and crush. Measure the passion fruit juice, add it to the shaker and fill up with ice cubes. Close the shaker and shake vigorously. Pour the liquid into a glass, top up with ginger ale, stir with a teaspoon and then garnish the rim of the glass with a slice of lime"
170,170,Ice Pick,"['Vodka', 'Iced tea', 'Lemon juice']",Alcoholic,Ordinary Drink,Collins Glass,Put Vodka in glass fill with iced tea. Stir in lemon to taste.,https://www.thecocktaildb.com/images/media/drink/ypsrqp1469091726.jpg,"['1 1/2 oz ', '6 oz ', ' to taste\n']",question Generate a cocktail with Vodka Iced tea Lemon juice answer Put Vodka in glass fill with iced tea. Stir in lemon to taste.
171,171,Iced Coffee,"['Coffee', 'Sugar', 'Water', 'Milk']",Non alcoholic,Coffee / Tea,Coffee mug,Mix together until coffee and sugar is dissolved. Add milk. Shake well. Using a blender or milk shake maker produces a very foamy drink. Serve in coffee mug.,https://www.thecocktaildb.com/images/media/drink/ytprxy1454513855.jpg,"['1/4 cup instant ', '1/4 cup ', '1/4 cup hot ', '4 cups cold ']",question Generate a cocktail with Coffee Sugar Water Milk answer Mix together until coffee and sugar is dissolved. Add milk. Shake well. Using a blender or milk shake maker produces a very foamy drink. Serve in coffee mug.
172,172,Irish Cream,"['Scotch', 'Half-and-half', 'Condensed milk', 'Coconut syrup', 'Chocolate syrup']",Alcoholic,Homemade Liqueur,Irish coffee cup,Mix scotch and milk. Add half-and-half. Add rest.,https://www.thecocktaildb.com/images/media/drink/90etyl1504884699.jpg,"['1 cup ', '1 1/4 cup ', '1 can sweetened ', '3 drops ', '1 tblsp ']",question Generate a cocktail with Scotch Half-and-half Condensed milk Coconut syrup Chocolate syrup answer Mix scotch and milk. Add half-and-half. Add rest.
173,173,Irish Coffee,"['Irish whiskey', 'Coffee', 'Sugar', 'Whipped cream']",Alcoholic,Coffee / Tea,Irish coffee cup,"Heat the coffee, whiskey and sugar; do not boil. Pour into glass and top with cream; serve hot.",https://www.thecocktaildb.com/images/media/drink/sywsqw1439906999.jpg,"['1 1/2 oz ', '8 oz ', '1 tsp ', '1 tblsp ']","question Generate a cocktail with Irish whiskey Coffee Sugar Whipped cream answer Heat the coffee, whiskey and sugar; do not boil. Pour into glass and top with cream; serve hot."
174,174,Irish Spring,"['Irish whiskey', 'Peach brandy', 'Orange juice', 'Sweet and sour', 'Orange', 'Cherry']",Alcoholic,Ordinary Drink,Collins glass,"Pour all ingredients (except orange slice and cherry) into a collins glass over ice cubes. Garnish with the slice of orange, add the cherry on top, and serve.",https://www.thecocktaildb.com/images/media/drink/sot8v41504884783.jpg,"['1 oz ', '1/2 oz ', '1 oz ', '1 oz ', '1 slice ', '1 ']","question Generate a cocktail with Irish whiskey Peach brandy Orange juice Sweet and sour Orange Cherry answer Pour all ingredients (except orange slice and cherry) into a collins glass over ice cubes. Garnish with the slice of orange, add the cherry on top, and serve."
175,175,Imperial Fizz,"['Light rum', 'Blended whiskey', 'Lemon', 'Powdered sugar', 'Carbonated water']",Alcoholic,Ordinary Drink,Highball glass,"Shake all ingredients (except carbonated water) with ice and strain into a highball glass over two ice cubes. Fill with carbonated water, stir, and serve.",https://www.thecocktaildb.com/images/media/drink/zj1usl1504884548.jpg,"['1/2 oz ', '1 1/2 oz ', 'Juice of 1/2 ', '1 tsp ', None]","question Generate a cocktail with Light rum Blended whiskey Lemon Powdered sugar Carbonated water answer Shake all ingredients (except carbonated water) with ice and strain into a highball glass over two ice cubes. Fill with carbonated water, stir, and serve."
176,176,Irish Russian,"['Vodka', 'Kahlua', 'Coca-Cola', 'Guinness stout']",Alcoholic,Beer,Highball glass,Add the ingredients in the order listed in the recipe. Care must be taken when adding the Guinness to prevent an excess of foam. Do Not add ice.,https://www.thecocktaildb.com/images/media/drink/swqurw1454512730.jpg,"['1 shot ', '1 shot ', '1 dash ', 'Fill with ']",question Generate a cocktail with Vodka Kahlua Coca-Cola Guinness stout answer Add the ingredients in the order listed in the recipe. Care must be taken when adding the Guinness to prevent an excess of foam. Do Not add ice.
177,177,Imperial Cocktail,"['Lime juice', 'Gin', 'Aperol']",Alcoholic,Cocktail,Cocktail glass,Shake with ice and strain into cocktail glass.,https://www.thecocktaildb.com/images/media/drink/bcsj2e1487603625.jpg,"['4 cl ', '2 cl ', '4 cl ']",question Generate a cocktail with Lime juice Gin Aperol answer Shake with ice and strain into cocktail glass.
178,178,Iced Coffee Fillip,"['Kahlua', 'Coffee']",Alcoholic,Coffee / Tea,Coffee mug,Mix together in a coffee mug and chill before serving.,https://www.thecocktaildb.com/images/media/drink/sxtxrp1454514223.jpg,"['2 tsp ', 'Strong cold ']",question Generate a cocktail with Kahlua Coffee answer Mix together in a coffee mug and chill before serving.
179,179,Irish Curdling Cow,"['Baileys irish cream', 'Bourbon', 'Vodka', 'Orange juice']",Alcoholic,Cocktail,Highball glass,"Pour Irish Cream, Vodka, and Bourbon in a glass. Add some ice and mix in the orange juice.",https://www.thecocktaildb.com/images/media/drink/yrhutv1503563730.jpg,"['3/4 oz ', '3/4 oz ', '3/4 oz ', '2-3 oz ']","question Generate a cocktail with Baileys irish cream Bourbon Vodka Orange juice answer Pour Irish Cream, Vodka, and Bourbon in a glass. Add some ice and mix in the orange juice."
180,180,Jam Donut,"['Baileys irish cream', 'Chambord raspberry liqueur', 'Sugar syrup', 'Sugar']",Alcoholic,Shot,Shot glass,"Coat the rim of a shot glass with sugar using sugar syrup to stick. Add the Chambord raspberry liqueur to the shot glass, and carefully layer the Baileys Irish Cream on top. Serve.",https://www.thecocktaildb.com/images/media/drink/uuytrp1474039804.jpg,"['2/3 oz', '1/3 oz', '1 tsp', '2 pinches']","question Generate a cocktail with Baileys irish cream Chambord raspberry liqueur Sugar syrup Sugar answer Coat the rim of a shot glass with sugar using sugar syrup to stick. Add the Chambord raspberry liqueur to the shot glass, and carefully layer the Baileys Irish Cream on top. Serve."
181,181,Jitterbug,"['Gin', 'Vodka', 'Grenadine', 'Lime juice', 'Sugar', 'Sugar syrup', 'Soda water']",Alcoholic,Cocktail,Cocktail Glass,"Wet glass, dip rim in sugar. Then add Ice. Then add everything else. It's that simple!",https://www.thecocktaildb.com/images/media/drink/wwqvrq1441245318.jpg,"['2 jiggers ', '1 jigger ', '3 dashes ', '1 shot ', 'Around rim put 1 pinch ', '3 dashes ', 'Fill to top with ']","question Generate a cocktail with Gin Vodka Grenadine Lime juice Sugar Sugar syrup Soda water answer Wet glass, dip rim in sugar. Then add Ice. Then add everything else. It's that simple!"
182,182,Jackhammer,"['Jack Daniels', 'Amaretto']",Alcoholic,Ordinary Drink,Collins Glass,"Serve over ice- Warning,Deadly!",https://www.thecocktaildb.com/images/media/drink/9von5j1504388896.jpg,"['1 oz ', '1 oz ']","question Generate a cocktail with Jack Daniels Amaretto answer Serve over ice- Warning,Deadly!"
183,183,Jelly Bean,"['Blackberry brandy', 'Anis']",Alcoholic,Shot,Cordial glass,mix equal parts in pony glass-tastes just like a jelly bean!,https://www.thecocktaildb.com/images/media/drink/bglc6y1504388797.jpg,"['1 oz ', '1 oz ']",question Generate a cocktail with Blackberry brandy Anis answer mix equal parts in pony glass-tastes just like a jelly bean!
184,184,Jello shots,"['Vodka', 'Jello', 'Water']",Alcoholic,Shot,Shot glass,"Boil 3 cups of water then add jello. Mix jello and water until jello is completely disolved. Add the two cups of vodka and mix together. Pour mixture into plastic shot glasses and chill until firm. Then, eat away...",https://www.thecocktaildb.com/images/media/drink/l0smzo1504884904.jpg,"['2 cups ', '3 packages ', '3 cups ']","question Generate a cocktail with Vodka Jello Water answer Boil 3 cups of water then add jello. Mix jello and water until jello is completely disolved. Add the two cups of vodka and mix together. Pour mixture into plastic shot glasses and chill until firm. Then, eat away..."
185,185,Jamaica Kiss,"['Coffee liqueur', 'Light rum', 'Ice', 'Milk']",Alcoholic,Shake,Hurricane glass,Fill a tumbler with ice cubes. Add a shot of Tia Maria and a shot of Jamaican light rum. Fill the tumbler with milk. Blend until smooth and serve immediately.,https://www.thecocktaildb.com/images/media/drink/urpvvv1441249549.jpg,"['1 shot ', '1 shot Jamaican ', 'cubes', None]",question Generate a cocktail with Coffee liqueur Light rum Ice Milk answer Fill a tumbler with ice cubes. Add a shot of Tia Maria and a shot of Jamaican light rum. Fill the tumbler with milk. Blend until smooth and serve immediately.
186,186,John Collins,"['Bourbon', 'Lemon juice', 'Sugar', 'Club soda', 'Maraschino cherry', 'Orange']",Alcoholic,Ordinary Drink,Collins glass,Pour all ingredients directly into highball glass filled with ice. Stir gently. Garnish. Add a dash of Angostura bitters.,https://www.thecocktaildb.com/images/media/drink/0t4bv71606854479.jpg,"['2 oz ', '1 oz ', '1 tsp superfine ', '3 oz ', '1 ', '1 ']",question Generate a cocktail with Bourbon Lemon juice Sugar Club soda Maraschino cherry Orange answer Pour all ingredients directly into highball glass filled with ice. Stir gently. Garnish. Add a dash of Angostura bitters.
187,187,Japanese Fizz,"['Blended whiskey', 'Lemon', 'Powdered sugar', 'Port', 'Egg white', 'Carbonated water']",Alcoholic,Ordinary Drink,Highball glass,"Shake all ingredients (except carbonated water) with ice and strain into a highball glass over two ice cubes. Fill with carbonated water, stir, and serve.",https://www.thecocktaildb.com/images/media/drink/37vzv11504884831.jpg,"['1 1/2 oz ', 'Juice of 1/2 ', '1 tsp ', '1 tblsp', '1 ', None]","question Generate a cocktail with Blended whiskey Lemon Powdered sugar Port Egg white Carbonated water answer Shake all ingredients (except carbonated water) with ice and strain into a highball glass over two ice cubes. Fill with carbonated water, stir, and serve."
188,188,Jamaican Coffee,"['Rum', 'Coffee', 'Water', 'Whipped cream']",Alcoholic,Coffee / Tea,Champagne flute,"Stir the rum, coffee and water together. Top with the whipped cream. Sprinkle with a pinch of well ground coffee and drink with a straw.",https://www.thecocktaildb.com/images/media/drink/xqptps1441247257.jpg,"['1/6 glass ', '1/6 glass strong black ', '1/2 glass cold ', None]","question Generate a cocktail with Rum Coffee Water Whipped cream answer Stir the rum, coffee and water together. Top with the whipped cream. Sprinkle with a pinch of well ground coffee and drink with a straw."
189,189,Just a Moonmint,"['Milk', 'Chocolate syrup', 'Mint syrup']",Non alcoholic,Shake,Highball Glass,"Place all ingredients in the blender jar - cover and whiz on medium speed until well blended. Pour in one tall, 2 medium or 3 small glasses and drink up.",https://www.thecocktaildb.com/images/media/drink/znald61487604035.jpg,"['2 cups ', None, None]","question Generate a cocktail with Milk Chocolate syrup Mint syrup answer Place all ingredients in the blender jar - cover and whiz on medium speed until well blended. Pour in one tall, 2 medium or 3 small glasses and drink up."
190,190,Jewel Of The Nile,"['Gin', 'Green Chartreuse', 'Yellow Chartreuse']",Alcoholic,Ordinary Drink,Cocktail glass,"In a mixing glass half-filled with ice cubes, combine all of the ingredients. Stir well. Strain into a cocktail glass.",https://www.thecocktaildb.com/images/media/drink/hx4nrb1504884947.jpg,"['1 1/2 oz ', '1/2 oz ', '1/2 oz ']","question Generate a cocktail with Gin Green Chartreuse Yellow Chartreuse answer In a mixing glass half-filled with ice cubes, combine all of the ingredients. Stir well. Strain into a cocktail glass."
191,191,Jack Rose Cocktail,"['Apple brandy', 'Grenadine', 'Lime']",Alcoholic,Ordinary Drink,Cocktail glass,"Shake all ingredients with ice, strain into a cocktail glass, and serve.",https://www.thecocktaildb.com/images/media/drink/uuqqrv1439907068.jpg,"['1 1/2 oz ', '1 tsp ', 'Juice of 1/2 ']","question Generate a cocktail with Apple brandy Grenadine Lime answer Shake all ingredients with ice, strain into a cocktail glass, and serve."
192,192,Jack's Vanilla Coke,"['Ice', 'Tennessee whiskey', 'Vanilla extract', 'Coca-Cola']",Alcoholic,Other / Unknown,Old-fashioned glass,"After pouring in your ingredients, and adding 3-5 ice cubes, according to taste. Stir the drink with a stirrer to get the Vanilla off the bottom.",https://www.thecocktaildb.com/images/media/drink/kjnt7z1504793319.jpg,"['4-5 ', '2 oz ', '1 tsp ', '10-12 oz ']","question Generate a cocktail with Ice Tennessee whiskey Vanilla extract Coca-Cola answer After pouring in your ingredients, and adding 3-5 ice cubes, according to taste. Stir the drink with a stirrer to get the Vanilla off the bottom."
193,193,Kir,"['Creme de Cassis', 'Champagne']",Alcoholic,Ordinary Drink,Wine Glass,"Add the crème de cassis to the bottom of the glass, then top up with wine.",https://www.thecocktaildb.com/images/media/drink/apneom1504370294.jpg,"['1 part ', '5 parts ']","question Generate a cocktail with Creme de Cassis Champagne answer Add the crème de cassis to the bottom of the glass, then top up with wine."
194,194,Karsk,"['Coffee', 'Grain alcohol']",Alcoholic,Ordinary Drink,Highball glass,"Put a copper coin in a coffe-cup and fill up with coffee until you no longer see the coin, then add alcohol until you see the coin. Norwegian speciality.",https://www.thecocktaildb.com/images/media/drink/808mxk1487602471.jpg,"['1 part ', '2 parts ']","question Generate a cocktail with Coffee Grain alcohol answer Put a copper coin in a coffe-cup and fill up with coffee until you no longer see the coin, then add alcohol until you see the coin. Norwegian speciality."
195,195,Kamikaze,"['Vodka', 'Triple sec', 'Lime juice']",Alcoholic,Ordinary Drink,Cocktail glass,"Shake all ingredients together with ice. Strain into glass, garnish and serve.",https://www.thecocktaildb.com/images/media/drink/d7ff7u1606855412.jpg,"['1 oz ', '1 oz ', '1 oz ']","question Generate a cocktail with Vodka Triple sec Lime juice answer Shake all ingredients together with ice. Strain into glass, garnish and serve."
196,196,Kir Royale,"['Creme de Cassis', 'Champagne']",Alcoholic,Ordinary Drink,Champagne Flute,"Pour Creme de cassis in glass, gently pour champagne on top",https://www.thecocktaildb.com/images/media/drink/yt9i7n1504370388.jpg,"['1 part ', '5 parts ']","question Generate a cocktail with Creme de Cassis Champagne answer Pour Creme de cassis in glass, gently pour champagne on top"
197,197,Kiwi Lemon,"['Kiwi liqueur', 'Bitter lemon', 'Ice']",Alcoholic,Ordinary Drink,Highball glass,Mix in highball glass. Stirr. Garnish with slice of kiwi.,https://www.thecocktaildb.com/images/media/drink/tpupvr1478251697.jpg,"['1 part ', '2 parts ', 'cubes']",question Generate a cocktail with Kiwi liqueur Bitter lemon Ice answer Mix in highball glass. Stirr. Garnish with slice of kiwi.
198,198,Kurant Tea,"['Absolut Kurant', 'Tea', 'Sugar']",Alcoholic,Coffee / Tea,Champagne flute,"Pour Absolut Kurant into a comfortably big tea-cup. Add the not too hot(!) apple tea and, if you like, some sugar. Enjoy!",https://www.thecocktaildb.com/images/media/drink/xrsrpr1441247464.jpg,"['4 cl ', 'Turkish apple ', ' (if needed)\n']","question Generate a cocktail with Absolut Kurant Tea Sugar answer Pour Absolut Kurant into a comfortably big tea-cup. Add the not too hot(!) apple tea and, if you like, some sugar. Enjoy!"
199,199,Kioki Coffee,"['Kahlua', 'Brandy', 'Coffee']",Alcoholic,Coffee / Tea,Coffee mug,Stir. Add whipped cream to the top.,https://www.thecocktaildb.com/images/media/drink/uppqty1441247374.jpg,"['1 oz ', '1/2 oz ', None]",question Generate a cocktail with Kahlua Brandy Coffee answer Stir. Add whipped cream to the top.
200,200,Kiwi Martini,"['Kiwi', 'Sugar Syrup', 'Vodka', 'Kiwi']",Alcoholic,Cocktail,Cocktail glass,"The kiwi martini is a very fun vodka cocktail and it is one of the best drinks that makes use of fresh fruit. Though there are a few recipes floating around, this is one of the easiest and it is an absolutely delightful green martini to drink.

For this recipe, you'll simply muddle slices of kiwi with simple syrup, then shake it with vodka. It's a drink that anyone can mix up in minutes and a perfect cocktail to show off your favorite vodka.",https://www.thecocktaildb.com/images/media/drink/bmxmyq1630407098.jpg,"['1/2', '1 tsp', '1 1/2 oz', 'Garnish with']","question Generate a cocktail with Kiwi Sugar Syrup Vodka Kiwi answer The kiwi martini is a very fun vodka cocktail and it is one of the best drinks that makes use of fresh fruit. Though there are a few recipes floating around, this is one of the easiest and it is an absolutely delightful green martini to drink.

For this recipe, you'll simply muddle slices of kiwi with simple syrup, then shake it with vodka. It's a drink that anyone can mix up in minutes and a perfect cocktail to show off your favorite vodka."
201,201,Kiss me Quick,"['Cranberry vodka', 'Apfelkorn', 'Schweppes Russchian', 'Apple juice', 'Ice']",Alcoholic,Ordinary Drink,Highball glass,mix in the glass,https://www.thecocktaildb.com/images/media/drink/m7iaxu1504885119.jpg,"['4 cl ', '2 cl ', '7 cl ', '8 cl ', 'cubes']",question Generate a cocktail with Cranberry vodka Apfelkorn Schweppes Russchian Apple juice Ice answer mix in the glass
202,202,Kool-Aid Shot,"['Vodka', 'Amaretto', 'Sloe gin', 'Triple sec', 'Cranberry juice']",Alcoholic,Shot,Old-fashioned glass,Pour into a large glass with ice and stir. Add a little cranberry juice to taste.,https://www.thecocktaildb.com/images/media/drink/fegm621503564966.jpg,"['1 shot ', '1 shot ', '1 shot ', '1 shot ', None]",question Generate a cocktail with Vodka Amaretto Sloe gin Triple sec Cranberry juice answer Pour into a large glass with ice and stir. Add a little cranberry juice to taste.
203,203,Kool First Aid,"['151 proof rum', 'Kool-Aid']",Alcoholic,Shot,Shot glass,"Add Kool Aid to a double shot glass, and top with rum. Slam and shoot.",https://www.thecocktaildb.com/images/media/drink/hfp6sv1503564824.jpg,"['2 oz light ', '1/2 tsp Tropical ']","question Generate a cocktail with 151 proof rum Kool-Aid answer Add Kool Aid to a double shot glass, and top with rum. Slam and shoot."
204,204,Kentucky B And B,"['Bourbon', 'Benedictine']",Alcoholic,Ordinary Drink,Brandy snifter,Pour the bourbon and Benedictine into a brandy snifter.,https://www.thecocktaildb.com/images/media/drink/sqxsxp1478820236.jpg,"['2 oz ', '1/2 oz ']",question Generate a cocktail with Bourbon Benedictine answer Pour the bourbon and Benedictine into a brandy snifter.
205,205,Kentucky Colonel,"['Bourbon', 'Benedictine', 'Lemon peel']",Alcoholic,Ordinary Drink,Cocktail glass,In a shaker half-filled with ice cubes combine the courbon and Benedictine. Shake and strain into a cocktail glass. Garnish with the lemon twist.,https://www.thecocktaildb.com/images/media/drink/utqwpu1478820348.jpg,"['3 oz ', '1/2 oz ', '1 twist of ']",question Generate a cocktail with Bourbon Benedictine Lemon peel answer In a shaker half-filled with ice cubes combine the courbon and Benedictine. Shake and strain into a cocktail glass. Garnish with the lemon twist.
206,206,Kool-Aid Slammer,"['Kool-Aid', 'Vodka']",Alcoholic,Shot,Shot glass,"Fill half the shot glass with the kool-aid first. Then put a paper towel over the top of the glass and slowly pour in the vodka. If you do it right, you should be able to see that the two liquids are separated, with the vodka on top. Now slam it! The last thing you'll taste is the kool-aid.",https://www.thecocktaildb.com/images/media/drink/kugu2m1504735473.jpg,"['1/2 oz Grape ', '1/2 oz ']","question Generate a cocktail with Kool-Aid Vodka answer Fill half the shot glass with the kool-aid first. Then put a paper towel over the top of the glass and slowly pour in the vodka. If you do it right, you should be able to see that the two liquids are separated, with the vodka on top. Now slam it! The last thing you'll taste is the kool-aid."
207,207,Kiwi Papaya Smoothie,"['Kiwi', 'Papaya']",Non alcoholic,Other / Unknown,Highball Glass,Throw everything into a blender and liquify.,https://www.thecocktaildb.com/images/media/drink/jogv4w1487603571.jpg,"['3 ', '1/2 ']",question Generate a cocktail with Kiwi Papaya answer Throw everything into a blender and liquify.
208,208,Kill the cold Smoothie,"['Ginger', 'Lemon', 'Water']",Non alcoholic,Other / Unknown,Highball glass,Juice ginger and lemon and add it to hot water. You may add cardomom.,https://www.thecocktaildb.com/images/media/drink/7j1z2e1487603414.jpg,"['1 inch ', '1/4 ', '1 cup hot ']",question Generate a cocktail with Ginger Lemon Water answer Juice ginger and lemon and add it to hot water. You may add cardomom.
209,209,Limeade,"['Lime', 'Sugar', 'Soda water', 'Lime peel']",Non alcoholic,Other / Unknown,Highball glass,"In a large glass, put the lime juice and sugar, and stir well. Add cold seltzer water to fill. Put the lime peels in the glass. Drink. Repeat until limes or soda run out.",https://www.thecocktaildb.com/images/media/drink/5jdp5r1487603680.jpg,"['Juice of 1 ', '1 tblsp ', ' (seltzer water)\n', None]","question Generate a cocktail with Lime Sugar Soda water Lime peel answer In a large glass, put the lime juice and sugar, and stir well. Add cold seltzer water to fill. Put the lime peels in the glass. Drink. Repeat until limes or soda run out."
210,210,Lunch Box,"['Beer', 'Amaretto', 'Orange juice']",Alcoholic,Beer,Pint glass,Fill a pint glass almost full with beer. Then fill the rest with orange juice (careful not to fill it to the top). Then take the shot of Amaretto and drop it in.,https://www.thecocktaildb.com/images/media/drink/qywpvt1454512546.jpg,"['3/4 bottle ', '1 shot ', '1 oz ']",question Generate a cocktail with Beer Amaretto Orange juice answer Fill a pint glass almost full with beer. Then fill the rest with orange juice (careful not to fill it to the top). Then take the shot of Amaretto and drop it in.
211,211,Lemon Drop,"['Vodka', 'Cointreau', 'Lemon']",Alcoholic,Cocktail,Cocktail glass,Shake and strain into a chilled cocktail glass rimmed with sugar.,https://www.thecocktaildb.com/images/media/drink/mtpxgk1504373297.jpg,"['1 1/2 shot ', '1 1/2 shot ', 'Juice of 1 wedge ']",question Generate a cocktail with Vodka Cointreau Lemon answer Shake and strain into a chilled cocktail glass rimmed with sugar.
212,212,Lemon Shot,"['Galliano', 'Absolut Citron', 'Lemon', 'Sugar', '151 proof rum']",Alcoholic,Shot,Shot glass,"Mix Galliano and Absolut Citron in a shot glass, lay lemon wedge sprinkled with sugar over glass and pour a rum over wedge and glass. light rum with a lighter and let burn for a second. Do shot quickly and suck on lemon. If it is done correctly, this will taste like a shot of sweet lemonade.",https://www.thecocktaildb.com/images/media/drink/mx31hv1487602979.jpg,"['1/2 oz ', '1/2 oz ', ' wedge\n', 'Bacardi ', None]","question Generate a cocktail with Galliano Absolut Citron Lemon Sugar 151 proof rum answer Mix Galliano and Absolut Citron in a shot glass, lay lemon wedge sprinkled with sugar over glass and pour a rum over wedge and glass. light rum with a lighter and let burn for a second. Do shot quickly and suck on lemon. If it is done correctly, this will taste like a shot of sweet lemonade."
213,213,Long vodka,"['Vodka', 'Lime', 'Angostura bitters', 'Tonic water', 'Ice']",Alcoholic,Ordinary Drink,Highball glass,"Shake a tall glass with ice cubes and Angostura, coating the inside of the glass. Por the vodka onto this, add 1 slice of lime and squeeze juice out of remainder, mix with tonic, stir and voila you have a Long Vodka",https://www.thecocktaildb.com/images/media/drink/9179i01503565212.jpg,"['5 cl ', '1/2 ', '4 dashes ', '1 dl Schweppes ', '4 ']","question Generate a cocktail with Vodka Lime Angostura bitters Tonic water Ice answer Shake a tall glass with ice cubes and Angostura, coating the inside of the glass. Por the vodka onto this, add 1 slice of lime and squeeze juice out of remainder, mix with tonic, stir and voila you have a Long Vodka"
214,214,Lassi Khara,"['Yoghurt', 'Water', 'Salt', 'Asafoetida']",Non alcoholic,Other / Unknown,Highball Glass,Blend (frappe) in blender until frothy. Add torn curry leaves and serve cold.,https://www.thecocktaildb.com/images/media/drink/m1suzm1487603970.jpg,"['1 cup ', '2 cups cold ', '1 tsp ', '1 pinch ']",question Generate a cocktail with Yoghurt Water Salt Asafoetida answer Blend (frappe) in blender until frothy. Add torn curry leaves and serve cold.
215,215,Lassi Raita,"['Yoghurt', 'Ice', 'Sugar', 'Lime', 'Salt']",Non alcoholic,Other / Unknown,Highball Glass,"Blend the yoghurt and ice cubes together, until the yoghurt becomes more liquid. Add sugar to taste. The lemon/lime is optional but it gives it a slightly tart taste. Dash of salt. Raita is also good for the summer. Instead of having a traditional salad you can make raita instead.",https://www.thecocktaildb.com/images/media/drink/s4x0qj1487603933.jpg,"['2 cups ', '4-6 ', None, None, None]","question Generate a cocktail with Yoghurt Ice Sugar Lime Salt answer Blend the yoghurt and ice cubes together, until the yoghurt becomes more liquid. Add sugar to taste. The lemon/lime is optional but it gives it a slightly tart taste. Dash of salt. Raita is also good for the summer. Instead of having a traditional salad you can make raita instead."
216,216,Lemouroudji,"['Ginger', 'Water', 'Lemon', 'Sugar', 'Cayenne pepper']",Non alcoholic,Other / Unknown,Highball Glass,"Juice the lemons. Peel and grate the ginger. Place the grated ginger and a liberal dash of the cayenne pepper into a piece of cheesecloth, and tie it into a knot. Let soak in the water. After 15 minutes or so, add the sugar, and the lemon juice. Chill, and serve.",https://www.thecocktaildb.com/images/media/drink/eirmo71487603745.jpg,"['2 pieces ', '1 gal ', '1 lb ', '1 cup ', 'ground ']","question Generate a cocktail with Ginger Water Lemon Sugar Cayenne pepper answer Juice the lemons. Peel and grate the ginger. Place the grated ginger and a liberal dash of the cayenne pepper into a piece of cheesecloth, and tie it into a knot. Let soak in the water. After 15 minutes or so, add the sugar, and the lemon juice. Chill, and serve."
217,217,Loch Lomond,"['Scotch', 'Drambuie', 'Dry Vermouth', 'Lemon peel']",Alcoholic,Ordinary Drink,Cocktail glass,"In a mixing glass half-filled with ice cubes, combine the Scotch, Drambuie, and vermouth. Stir well. Strain into a cocktail glass. Garnish with the lemon twist.",https://www.thecocktaildb.com/images/media/drink/rpvtpr1468923881.jpg,"['2 oz ', '1/2 oz ', '1/2 oz ', '1 twist of ']","question Generate a cocktail with Scotch Drambuie Dry Vermouth Lemon peel answer In a mixing glass half-filled with ice cubes, combine the Scotch, Drambuie, and vermouth. Stir well. Strain into a cocktail glass. Garnish with the lemon twist."
218,218,London Town,"['Gin', 'Maraschino liqueur', 'Orange bitters']",Alcoholic,Ordinary Drink,Cocktail glass,"In a mixing glass half-filled with ice cubes, combine all of the ingredients. Stir well. Strain into a cocktail glass.",https://www.thecocktaildb.com/images/media/drink/rpsrqv1468923507.jpg,"['1 1/2 oz ', '1/2 oz ', '2 dashes ']","question Generate a cocktail with Gin Maraschino liqueur Orange bitters answer In a mixing glass half-filled with ice cubes, combine all of the ingredients. Stir well. Strain into a cocktail glass."
219,219,Lassi - Mango,"['Mango', 'Yoghurt', 'Sugar', 'Water']",Non alcoholic,Other / Unknown,Highball glass,Put it all in a blender and pour over crushed ice. You can also use other fruits like strawberries and bananas.,https://www.thecocktaildb.com/images/media/drink/1bw6sd1487603816.jpg,"['2 ', '2 cups ', '1/2 cup ', '1 cup iced ']",question Generate a cocktail with Mango Yoghurt Sugar Water answer Put it all in a blender and pour over crushed ice. You can also use other fruits like strawberries and bananas.
220,220,Lassi - Sweet,"['Yoghurt', 'Water', 'Sugar', 'Salt', 'Lemon juice']",Non alcoholic,Other / Unknown,Highball glass,Put all ingredients into a blender and blend until nice and frothy. Serve chilled.,https://www.thecocktaildb.com/images/media/drink/9jeifz1487603885.jpg,"['1 cup ', '2 cups cold ', '4 tblsp ', 'pinch ', '2 tblsp ']",question Generate a cocktail with Yoghurt Water Sugar Salt Lemon juice answer Put all ingredients into a blender and blend until nice and frothy. Serve chilled.
221,221,Limona Corona,"['Corona', 'Bacardi Limon']",Alcoholic,Beer,Beer Glass,"Open the Corona. Fill the empty space in the neck in the bottle with the rum. The bottle should be filled to the top. Plug the bottle with your thumb or the palm of your hand. Turn the bottle upside-down so the rum and beer mix. Turn the bottle rightside-up, unplug, and drink.",https://www.thecocktaildb.com/images/media/drink/wwqrsw1441248662.jpg,"['1 bottle ', '1 oz ']","question Generate a cocktail with Corona Bacardi Limon answer Open the Corona. Fill the empty space in the neck in the bottle with the rum. The bottle should be filled to the top. Plug the bottle with your thumb or the palm of your hand. Turn the bottle upside-down so the rum and beer mix. Turn the bottle rightside-up, unplug, and drink."
222,222,Lord And Lady,"['Dark rum', 'Tia maria']",Alcoholic,Ordinary Drink,Old-fashioned glass,Pour the rum and Tia Maria into an old-fashioned glass almost filled with ice cubes. Stir well.,https://www.thecocktaildb.com/images/media/drink/quwrys1468923219.jpg,"['1 1/2 oz ', '1/2 oz ']",question Generate a cocktail with Dark rum Tia maria answer Pour the rum and Tia Maria into an old-fashioned glass almost filled with ice cubes. Stir well.
223,223,Lady Love Fizz,"['Gin', 'Light cream', 'Powdered sugar', 'Lemon', 'Egg white', 'Carbonated water']",Alcoholic,Ordinary Drink,Cocktail glass,"Shake all ingredients (except carbonated water) with ice and strain into a cocktail glass over two ice cubes. Fill with carbonated water, stir, and serve.",https://www.thecocktaildb.com/images/media/drink/20d63k1504885263.jpg,"['2 oz ', '2 tsp ', '1 tsp ', 'Juice of 1/2', '1 ', None]","question Generate a cocktail with Gin Light cream Powdered sugar Lemon Egg white Carbonated water answer Shake all ingredients (except carbonated water) with ice and strain into a cocktail glass over two ice cubes. Fill with carbonated water, stir, and serve."
224,224,Long Island Tea,"['Vodka', 'Light rum', 'Gin', 'Tequila', 'Lemon', 'Coca-Cola']",Alcoholic,Ordinary Drink,Highball glass,Combine all ingredients (except cola) and pour over ice in a highball glass. Add the splash of cola for color. Decorate with a slice of lemon and serve.,https://www.thecocktaildb.com/images/media/drink/nkwr4c1606770558.jpg,"['1/2 oz ', '1/2 oz ', '1/2 oz ', '1/2 oz ', 'Juice of 1/2 ', '1 splash ']",question Generate a cocktail with Vodka Light rum Gin Tequila Lemon Coca-Cola answer Combine all ingredients (except cola) and pour over ice in a highball glass. Add the splash of cola for color. Decorate with a slice of lemon and serve.
225,225,Lone Tree Cooler,"['Carbonated water', 'Gin', 'Dry Vermouth', 'Powdered sugar', 'Orange spiral', 'Lemon peel']",Alcoholic,Ordinary Drink,Collins glass,"Stir powdered sugar and 2 oz. carbonated water in a collins glass. Fill glass with ice, add gin and vermouth, and stir. Fill with carbonated water and stir again. Add the twist of lemon peel and the orange spiral so that the end dangles over rim of glass.",https://www.thecocktaildb.com/images/media/drink/wsyqry1479298485.jpg,"[None, None, None, None, None, None]","question Generate a cocktail with Carbonated water Gin Dry Vermouth Powdered sugar Orange spiral Lemon peel answer Stir powdered sugar and 2 oz. carbonated water in a collins glass. Fill glass with ice, add gin and vermouth, and stir. Fill with carbonated water and stir again. Add the twist of lemon peel and the orange spiral so that the end dangles over rim of glass."
226,226,Lone Tree Cocktail,"['Sweet Vermouth', 'Gin']",Alcoholic,Ordinary Drink,Cocktail glass,"Stir ingredients with ice, strain into a cocktail glass, and serve.",https://www.thecocktaildb.com/images/media/drink/tsxpty1468923417.jpg,"['3/4 oz ', '1 1/2 oz ']","question Generate a cocktail with Sweet Vermouth Gin answer Stir ingredients with ice, strain into a cocktail glass, and serve."
227,227,Lazy Coconut Paloma,"['Coconut Liqueur', 'Grapefruit Juice', 'Soda Water']",Alcoholic,Cocktail,Highball glass,Mix the coconut liqueur (preferably tequila) with the grapefruit juice and top with soda water. Garnish with a large grapefruit slice against the inside of the glass.,https://www.thecocktaildb.com/images/media/drink/rytuex1598719770.jpg,"['30 ml', '75 ml', 'Top']",question Generate a cocktail with Coconut Liqueur Grapefruit Juice Soda Water answer Mix the coconut liqueur (preferably tequila) with the grapefruit juice and top with soda water. Garnish with a large grapefruit slice against the inside of the glass.
228,228,Long Island Iced Tea,"['Vodka', 'Tequila', 'Light rum', 'Gin', 'Coca-Cola', 'Lemon peel']",Alcoholic,Ordinary Drink,Highball glass,Mix all contents in a highball glass and sitr gently. Add dash of Coca-Cola for the coloring and garnish with lemon or lime twist.,https://www.thecocktaildb.com/images/media/drink/wx7hsg1504370510.jpg,"['1/2 oz ', '1/2 oz ', '1/2 oz ', '1/2 oz ', '1 dash ', 'Twist of ']",question Generate a cocktail with Vodka Tequila Light rum Gin Coca-Cola Lemon peel answer Mix all contents in a highball glass and sitr gently. Add dash of Coca-Cola for the coloring and garnish with lemon or lime twist.
229,229,Lemon Elderflower Spritzer,"['Elderflower cordial', 'Vodka', 'Soda Water', 'Fresh Lemon Juice']",Alcoholic,Cocktail,Highball glass,"Pour all ingredients over ice, stir and enjoy!
",https://www.thecocktaildb.com/images/media/drink/125w0o1630407389.jpg,"['2 tsp', '1 shot', '1/3 cup', 'Top']","question Generate a cocktail with Elderflower cordial Vodka Soda Water Fresh Lemon Juice answer Pour all ingredients over ice, stir and enjoy!
"
230,230,Lassi - A South Indian Drink,"['Yoghurt', 'Water', 'Cumin seed', 'Salt', 'Mint']",Non alcoholic,Other / Unknown,Highball Glass,"Blend in a blender for 3 seconds. Lassi is one of the easiest things to make, and there are many ways of making it. Basically, it is buttermilk (yoghurt whisked with water), and you can choose almost any consistency that you like, from the thinnest to the thickest. Serve cold.",https://www.thecocktaildb.com/images/media/drink/iq6scx1487603980.jpg,"['1/2 cup plain ', '1 1/4 cup cold ', '1/2 tsp ground roasted ', '1/4 tsp ', '1/4 tsp dried ']","question Generate a cocktail with Yoghurt Water Cumin seed Salt Mint answer Blend in a blender for 3 seconds. Lassi is one of the easiest things to make, and there are many ways of making it. Basically, it is buttermilk (yoghurt whisked with water), and you can choose almost any consistency that you like, from the thinnest to the thickest. Serve cold."
231,231,Melya,"['Espresso', 'Honey', 'Cocoa powder']",Non alcoholic,Coffee / Tea,Coffee mug,"Brew espresso. In a coffee mug, place 1 teaspoon of unsweetened powdered cocoa, then cover a teaspoon with honey and drizzle it into the cup. Stir while the coffee brews, this is the fun part. The cocoa seems to coat the honey without mixing, so you get a dusty, sticky mass that looks as though it will never mix. Then all at once, presto! It looks like dark chocolate sauce. Pour hot espresso over the honey, stirring to dissolve. Serve with cream.",https://www.thecocktaildb.com/images/media/drink/xwtptq1441247579.jpg,"[None, 'Unsweetened ', None]","question Generate a cocktail with Espresso Honey Cocoa powder answer Brew espresso. In a coffee mug, place 1 teaspoon of unsweetened powdered cocoa, then cover a teaspoon with honey and drizzle it into the cup. Stir while the coffee brews, this is the fun part. The cocoa seems to coat the honey without mixing, so you get a dusty, sticky mass that looks as though it will never mix. Then all at once, presto! It looks like dark chocolate sauce. Pour hot espresso over the honey, stirring to dissolve. Serve with cream."
232,232,Mojito,"['Light rum', 'Lime', 'Sugar', 'Mint', 'Soda water']",Alcoholic,Cocktail,Highball glass,Muddle mint leaves with sugar and lime juice. Add a splash of soda water and fill the glass with cracked ice. Pour the rum and top with soda water. Garnish and serve with straw.,https://www.thecocktaildb.com/images/media/drink/metwgh1606770327.jpg,"['2-3 oz ', 'Juice of 1 ', '2 tsp ', '2-4 ', None]",question Generate a cocktail with Light rum Lime Sugar Mint Soda water answer Muddle mint leaves with sugar and lime juice. Add a splash of soda water and fill the glass with cracked ice. Pour the rum and top with soda water. Garnish and serve with straw.
233,233,Mimosa,"['Champagne', 'Orange juice']",Alcoholic,Ordinary Drink,Champagne flute,"Ensure both ingredients are well chilled, then mix into the glass. Serve cold.",https://www.thecocktaildb.com/images/media/drink/juhcuu1504370685.jpg,"['Chilled ', '2 oz ']","question Generate a cocktail with Champagne Orange juice answer Ensure both ingredients are well chilled, then mix into the glass. Serve cold."
234,234,Mai Tai,"['Light rum', 'Orgeat syrup', 'Triple sec', 'Sweet and sour', 'Cherry']",Alcoholic,Ordinary Drink,Collins glass,Shake all ingredients with ice. Strain into glass. Garnish and serve with straw.,https://www.thecocktaildb.com/images/media/drink/twyrrp1439907470.jpg,"['1 oz ', '1/2 oz ', '1/2 oz ', '1 1/2 oz ', '1 ']",question Generate a cocktail with Light rum Orgeat syrup Triple sec Sweet and sour Cherry answer Shake all ingredients with ice. Strain into glass. Garnish and serve with straw.
235,235,Martini,"['Gin', 'Dry Vermouth', 'Olive']",Alcoholic,Cocktail,Cocktail glass,"Straight: Pour all ingredients into mixing glass with ice cubes. Stir well. Strain in chilled martini cocktail glass. Squeeze oil from lemon peel onto the drink, or garnish with olive.",https://www.thecocktaildb.com/images/media/drink/71t8581504353095.jpg,"['1 2/3 oz ', '1/3 oz ', '1 ']","question Generate a cocktail with Gin Dry Vermouth Olive answer Straight: Pour all ingredients into mixing glass with ice cubes. Stir well. Strain in chilled martini cocktail glass. Squeeze oil from lemon peel onto the drink, or garnish with olive."
236,236,Michelada,"['Beer', 'Tomato Juice', 'Lime Juice', 'Hot Sauce', 'Worcestershire Sauce', 'Soy Sauce']",Alcoholic,Cocktail,Pint glass,"Mix the beer with tomato juice, freshly squeezed lime juice, and Worcestershire sauce, teriyaki sauce, soy sauce, or hot sauce.
Served In a chilled, salt-rimmed glass
",https://www.thecocktaildb.com/images/media/drink/u736bd1605907086.jpg,"['4 oz', '4 oz', '1 tblsp', 'Dash', 'Dash', 'Dash']","question Generate a cocktail with Beer Tomato Juice Lime Juice Hot Sauce Worcestershire Sauce Soy Sauce answer Mix the beer with tomato juice, freshly squeezed lime juice, and Worcestershire sauce, teriyaki sauce, soy sauce, or hot sauce.
Served In a chilled, salt-rimmed glass
"
237,237,Manhattan,"['Sweet Vermouth', 'Bourbon', 'Angostura bitters', 'Ice', 'Maraschino cherry', 'Orange peel']",Alcoholic,Cocktail,Cocktail glass,"Stirred over ice, strained into a chilled glass, garnished, and served up.",https://www.thecocktaildb.com/images/media/drink/yk70e31606771240.jpg,"['3/4 oz ', '2 1/2 oz Blended ', 'dash ', '2 or 3 ', '1 ', '1 twist of ']","question Generate a cocktail with Sweet Vermouth Bourbon Angostura bitters Ice Maraschino cherry Orange peel answer Stirred over ice, strained into a chilled glass, garnished, and served up."
238,238,Margarita,"['Tequila', 'Triple sec', 'Lime juice', 'Salt']",Alcoholic,Ordinary Drink,Cocktail glass,"Rub the rim of the glass with the lime slice to make the salt stick to it. Take care to moisten only the outer rim and sprinkle the salt on it. The salt should present to the lips of the imbiber and never mix into the cocktail. Shake the other ingredients with ice, then carefully pour into the glass.",https://www.thecocktaildb.com/images/media/drink/5noda61589575158.jpg,"['1 1/2 oz ', '1/2 oz ', '1 oz ', None]","question Generate a cocktail with Tequila Triple sec Lime juice Salt answer Rub the rim of the glass with the lime slice to make the salt stick to it. Take care to moisten only the outer rim and sprinkle the salt on it. The salt should present to the lips of the imbiber and never mix into the cocktail. Shake the other ingredients with ice, then carefully pour into the glass."
239,239,Mauresque,"['Ricard', 'Orgeat Syrup', 'Water', '', '', '', '']",Alcoholic,Cocktail,Collins glass,"1 - Pour the Ricard (or pastis)
2 - Pour the orgeat syrup
3 - Finally pour the water and add ice cubes at your convenience.

Add the ice cubes at the end, otherwise the syrup and pastis do not mix well.",https://www.thecocktaildb.com/images/media/drink/duwfa11686236556.jpg,"['3 cl', '1 cl', 'Full Glass', '', '', '', '']","question Generate a cocktail with Ricard Orgeat Syrup Water     answer 1 - Pour the Ricard (or pastis)
2 - Pour the orgeat syrup
3 - Finally pour the water and add ice cubes at your convenience.

Add the ice cubes at the end, otherwise the syrup and pastis do not mix well."
240,240,Mint Julep,"['Mint', 'Bourbon', 'Powdered sugar', 'Water']",Alcoholic,Ordinary Drink,Collins glass,"In a highball glass gently muddle the mint, sugar and water. Fill the glass with cracked ice, add Bourbon and stir well until the glass is well frosted. Garnish with a mint sprig.",https://www.thecocktaildb.com/images/media/drink/squyyq1439907312.jpg,"['4 fresh ', '2 1/2 oz ', '1 tsp ', '2 tsp ']","question Generate a cocktail with Mint Bourbon Powdered sugar Water answer In a highball glass gently muddle the mint, sugar and water. Fill the glass with cracked ice, add Bourbon and stir well until the glass is well frosted. Garnish with a mint sprig."
241,241,Mudslinger,"['Southern Comfort', 'Orange juice', 'Pepsi Cola']",Alcoholic,Punch / Party Drink,Punch bowl,Add all contents to a large jug or punch bowl. Stir well!,https://www.thecocktaildb.com/images/media/drink/hepk6h1504885554.jpg,"['750 ml ', '1 L ', '750 ml ']",question Generate a cocktail with Southern Comfort Orange juice Pepsi Cola answer Add all contents to a large jug or punch bowl. Stir well!
242,242,Martinez 2,"['Gin', 'Sweet Vermouth', 'Maraschino Liqueur', 'Angostura Bitters']",Alcoholic,Cocktail,Cocktail glass,"Add all ingredients to a mixing glass and fill with ice.

Stir until chilled, and strain into a chilled coupe glass.",https://www.thecocktaildb.com/images/media/drink/fs6kiq1513708455.jpg,"['1 1/2 oz', '1 1/2 oz', '1 tsp', '2 dashes']","question Generate a cocktail with Gin Sweet Vermouth Maraschino Liqueur Angostura Bitters answer Add all ingredients to a mixing glass and fill with ice.

Stir until chilled, and strain into a chilled coupe glass."
243,243,Moranguito,"['Absinthe', 'Tequila', 'Grenadine']",Alcoholic,Shot,Shot glass,"first you put rhe absinthe, then put tequila, then put the Granadine syrup.",https://www.thecocktaildb.com/images/media/drink/urpsyq1475667335.jpg,"['2/5 ', '2/5 ', '1/5 ']","question Generate a cocktail with Absinthe Tequila Grenadine answer first you put rhe absinthe, then put tequila, then put the Granadine syrup."
244,244,Miami Vice,"['151 proof rum', 'Pina colada mix', 'Daiquiri mix']",Alcoholic,Cocktail,Cocktail glass,"First: Mix pina colada with 2.5 oz. of rum with ice(set aside). Second: Mix daiquiri with 2.5 oz. of rum with ice. Third: While frozen, add pina colda mix then daiquiri mix in glass (Making sure they do not get mixed together).",https://www.thecocktaildb.com/images/media/drink/qvuyqw1441208955.jpg,"['5 oz Bacardi ', 'frozen ', 'frozen ']","question Generate a cocktail with 151 proof rum Pina colada mix Daiquiri mix answer First: Mix pina colada with 2.5 oz. of rum with ice(set aside). Second: Mix daiquiri with 2.5 oz. of rum with ice. Third: While frozen, add pina colda mix then daiquiri mix in glass (Making sure they do not get mixed together)."
245,245,Moscow Mule,"['Vodka', 'Lime juice', 'Ginger ale']",Alcoholic,Punch / Party Drink,Copper Mug,Combine vodka and ginger beer in a highball glass filled with ice. Add lime juice. Stir gently. Garnish.,https://www.thecocktaildb.com/images/media/drink/3pylqc1504370988.jpg,"['2 oz ', '2 oz ', '8 oz ']",question Generate a cocktail with Vodka Lime juice Ginger ale answer Combine vodka and ginger beer in a highball glass filled with ice. Add lime juice. Stir gently. Garnish.
246,246,Mulled Wine,"['Water', 'Sugar', 'Cloves', 'Cinnamon', 'Lemon peel', 'Red wine', 'Brandy']",Alcoholic,Punch / Party Drink,Collins Glass,"Simmer 3 cups water with, sugar, cloves, cinnamon sticks, and lemon peel in a stainless steel pot for 10 minutes. Add wine heat to a ""coffee temperature"" (DO NOT BOIL) then add the brandy.",https://www.thecocktaildb.com/images/media/drink/iuwi6h1504735724.jpg,"['3 cups ', '1 cup ', '12 ', '2 ', '1 ', '750 ml ', '1/4 cup ']","question Generate a cocktail with Water Sugar Cloves Cinnamon Lemon peel Red wine Brandy answer Simmer 3 cups water with, sugar, cloves, cinnamon sticks, and lemon peel in a stainless steel pot for 10 minutes. Add wine heat to a ""coffee temperature"" (DO NOT BOIL) then add the brandy."
247,247,Masala Chai,"['Water', 'Tea', 'Ginger', 'Cardamom', 'Cloves', 'Cinnamon', 'Black pepper', 'Sugar', 'Milk']",Non alcoholic,Coffee / Tea,Coffee Mug,Bring 2 cups of water to boil. Add all the ingredients and boil again for about 15 seconds. Let stand for a minute. Warm milk in a pot. Filter tea into cups. Add milk and sugar. That's IT.,https://www.thecocktaildb.com/images/media/drink/uyrpww1441246384.jpg,"['2 cups ', '3-4 tsp ', '1 chunk dried ', '3-4 crushed ', '3 ', '1 piece ', '1-2 whole ', ' to taste\n', 'to taste']",question Generate a cocktail with Water Tea Ginger Cardamom Cloves Cinnamon Black pepper Sugar Milk answer Bring 2 cups of water to boil. Add all the ingredients and boil again for about 15 seconds. Let stand for a minute. Warm milk in a pot. Filter tea into cups. Add milk and sugar. That's IT.
248,248,Munich Mule,"['Gin', 'Lime Juice', 'Ginger Beer', 'Cucumber', 'lemon']",Alcoholic,Cocktail,Highball glass,"Fill glass with ice
Pour Gin and Lime Juice
Fill glass with Ginger Beer
Garnish with Cucumer and Lime slice",https://www.thecocktaildb.com/images/media/drink/rj55pl1582476101.jpg,"['5 cl', '2 cl', '10 cl', 'Chopped', 'Chopped']","question Generate a cocktail with Gin Lime Juice Ginger Beer Cucumber lemon answer Fill glass with ice
Pour Gin and Lime Juice
Fill glass with Ginger Beer
Garnish with Cucumer and Lime slice"
249,249,Mocha-Berry,"['Coffee', 'Chambord raspberry liqueur', 'Cocoa powder', 'Whipped cream']",Alcoholic,Coffee / Tea,Irish coffee cup,"pour 6 oz. of coffee in a mug or Irish coffee cup. add coca mix and chambord, mix well and top off with whipped cream.",https://www.thecocktaildb.com/images/media/drink/vtwyyx1441246448.jpg,"['6 oz ', '2 oz ', '2 tblsp ', None]","question Generate a cocktail with Coffee Chambord raspberry liqueur Cocoa powder Whipped cream answer pour 6 oz. of coffee in a mug or Irish coffee cup. add coca mix and chambord, mix well and top off with whipped cream."
250,250,Mango Mojito,"['Lime', 'Mango', 'Mint', 'White Rum', 'Ice', 'Soda Water', 'Mango']",Alcoholic,Cocktail,Jar,"Squeeze the juice from 1½ limes and blend with the mango to give a smooth purée.
Cut the rest of the limes into quarters, and then cut each wedge in half again. Put 2 pieces of lime in a highball glass for each person and add 1 teaspoon of caster sugar and 5-6 mint leaves to each glass. Squish everything together with a muddler or the end of a rolling pin to release all the flavours from the lime and mint.
Divide the mango purée between the glasses and add 30ml white rum and a handful of crushed ice to each one, stirring well to mix everything together. Top up with soda water to serve and garnish with extra mint, if you like.",https://www.thecocktaildb.com/images/media/drink/wfqmgm1630406820.jpg,"['3', '1 Fresh', 'Sprig', '200 ml', 'cubes', 'Top', 'Garnish with']","question Generate a cocktail with Lime Mango Mint White Rum Ice Soda Water Mango answer Squeeze the juice from 1½ limes and blend with the mango to give a smooth purée.
Cut the rest of the limes into quarters, and then cut each wedge in half again. Put 2 pieces of lime in a highball glass for each person and add 1 teaspoon of caster sugar and 5-6 mint leaves to each glass. Squish everything together with a muddler or the end of a rolling pin to release all the flavours from the lime and mint.
Divide the mango purée between the glasses and add 30ml white rum and a handful of crushed ice to each one, stirring well to mix everything together. Top up with soda water to serve and garnish with extra mint, if you like."
251,251,Mojito Extra,"['Mint', 'Lemon juice', 'Dark rum', 'Club soda', 'Angostura bitters']",Alcoholic,Cocktail,Collins glass,"Put mint with lemon juice in a glas, mash the mint with a spoon, ice, rum & fill up with club soda. Top it with Angostura.",https://www.thecocktaildb.com/images/media/drink/vwxrsw1478251483.jpg,"['1/2 handful ', '3 cl ', '1/8 L Jamaican ', '1/8 L ', '8 drops ']","question Generate a cocktail with Mint Lemon juice Dark rum Club soda Angostura bitters answer Put mint with lemon juice in a glas, mash the mint with a spoon, ice, rum & fill up with club soda. Top it with Angostura."
252,252,Monkey Gland,"['Gin', 'Benedictine', 'Orange juice', 'Grenadine']",Alcoholic,Ordinary Drink,Cocktail glass,"Shake well over ice cubes in a shaker, strain into a chilled cocktail glass.",https://www.thecocktaildb.com/images/media/drink/94psp81504350690.jpg,"['2 oz ', '1 tsp ', '1/2 oz ', '1 tsp ']","question Generate a cocktail with Gin Benedictine Orange juice Grenadine answer Shake well over ice cubes in a shaker, strain into a chilled cocktail glass."
253,253,Midnight Mint,"['Baileys irish cream', 'White Creme de Menthe', 'Cream']",Alcoholic,Cocktail,Cocktail glass,"If available, rim cocktail (Martini) glass with sugar syrup then dip into chocolate flakes or powder. Add ingredients into shaker with ice. Shake well then strain into cocktail glass.",https://www.thecocktaildb.com/images/media/drink/svuvrq1441208310.jpg,"['1 oz ', '3/4 oz ', '3/4 oz double ']","question Generate a cocktail with Baileys irish cream White Creme de Menthe Cream answer If available, rim cocktail (Martini) glass with sugar syrup then dip into chocolate flakes or powder. Add ingredients into shaker with ice. Shake well then strain into cocktail glass."
254,254,Mary Pickford,"['Light rum', 'Pineapple juice', 'Maraschino liqueur', 'Grenadine', 'Maraschino cherry']",Alcoholic,Cocktail,Cocktail glass,Shake and strain into a chilled large cocktail glass,https://www.thecocktaildb.com/images/media/drink/f9erqb1504350557.jpg,"['1 1/2 oz ', '1 oz ', '1/2 tsp ', '1/2 tsp ', '1 ']",question Generate a cocktail with Light rum Pineapple juice Maraschino liqueur Grenadine Maraschino cherry answer Shake and strain into a chilled large cocktail glass
255,255,Monkey Wrench,"['Light rum', 'Grapefruit juice', 'Bitters']",Alcoholic,Ordinary Drink,Old-fashioned glass,Pour all of the ingredients into an old-fashioned glass almost filled with ice cubes. Stir well.,https://www.thecocktaildb.com/images/media/drink/bw2noj1582473243.jpg,"['1 1/2 oz ', '3 oz ', '1 dash ']",question Generate a cocktail with Light rum Grapefruit juice Bitters answer Pour all of the ingredients into an old-fashioned glass almost filled with ice cubes. Stir well.
256,256,Negroni,"['Gin', 'Campari', 'Sweet Vermouth']",Alcoholic,Ordinary Drink,Old-fashioned glass,"Stir into glass over ice, garnish and serve.",https://www.thecocktaildb.com/images/media/drink/qgdu971561574065.jpg,"['1 oz ', '1 oz ', '1 oz ']","question Generate a cocktail with Gin Campari Sweet Vermouth answer Stir into glass over ice, garnish and serve."
257,257,New York Sour,"['Blended whiskey', 'Lemon', 'Sugar', 'Red wine', 'Lemon', 'Cherry']",Alcoholic,Ordinary Drink,Whiskey sour glass,"Shake blended whiskey, juice of lemon, and powdered sugar with ice and strain into a whiskey sour glass. Float claret on top. Decorate with the half-slice of lemon and the cherry and serve.",https://www.thecocktaildb.com/images/media/drink/61wgch1504882795.jpg,"['2 oz ', 'Juice of 1/2 ', '1 tsp ', ' (Claret)\n', None, None]","question Generate a cocktail with Blended whiskey Lemon Sugar Red wine Lemon Cherry answer Shake blended whiskey, juice of lemon, and powdered sugar with ice and strain into a whiskey sour glass. Float claret on top. Decorate with the half-slice of lemon and the cherry and serve."
258,258,Nutty Irishman,"['Baileys irish cream', 'Frangelico', 'Milk']",Alcoholic,Shake,Highball Glass,Serve over ice,https://www.thecocktaildb.com/images/media/drink/xspupx1441248014.jpg,"['1 part ', '1 part ', '1 part ']",question Generate a cocktail with Baileys irish cream Frangelico Milk answer Serve over ice
259,259,National Aquarium,"['Rum', 'Vodka', 'Gin', 'Blue Curacao', 'Sour mix', 'Lemon-lime soda']",Alcoholic,Ordinary Drink,Collins Glass,Pour all ingredients into a shaker of ice. Shake well. Serve on the rocks.,https://www.thecocktaildb.com/images/media/drink/dlw0om1503565021.jpg,"['1/2 oz ', '1/2 oz ', '1/2 oz ', '1/2 oz ', '2 oz ', '1 splash ']",question Generate a cocktail with Rum Vodka Gin Blue Curacao Sour mix Lemon-lime soda answer Pour all ingredients into a shaker of ice. Shake well. Serve on the rocks.
260,260,New York Lemonade,"['Absolut Citron', 'Grand Marnier', 'Lemon juice', 'Club soda']",Alcoholic,Cocktail,Cocktail glass,Serve in a chilled cocktail glass. Lemon and sugar the rim. Stir and Strain.,https://www.thecocktaildb.com/images/media/drink/b3n0ge1503565473.jpg,"['2 oz ', '1 oz ', '2 oz sweetened ', '1 oz ']",question Generate a cocktail with Absolut Citron Grand Marnier Lemon juice Club soda answer Serve in a chilled cocktail glass. Lemon and sugar the rim. Stir and Strain.
261,261,Nuked Hot Chocolate,"['Cocoa powder', 'Sugar', 'Vanilla extract', 'Milk']",Non alcoholic,Cocoa,Coffee mug,"Mix with a bit of milk (1 oz or so) in coffee mug. Nuke mug for about 30-50 seconds. Stir until the heated cocoa dissolves. Fill mug with milk. Nuke for 1-2 minutes, depending on wattage and preferences as to burnt mouth parts.",https://www.thecocktaildb.com/images/media/drink/xcu6nb1487603142.jpg,"['2 tsp ', '1 tsp ', '1/2 tsp ', '12 oz ']","question Generate a cocktail with Cocoa powder Sugar Vanilla extract Milk answer Mix with a bit of milk (1 oz or so) in coffee mug. Nuke mug for about 30-50 seconds. Stir until the heated cocoa dissolves. Fill mug with milk. Nuke for 1-2 minutes, depending on wattage and preferences as to burnt mouth parts."
262,262,Orgasm,"['Creme de Cacao', 'Amaretto', 'Triple sec', 'Vodka', 'Light cream']",Alcoholic,Ordinary Drink,Cocktail glass,"Shake all ingredients with ice, strain into a chilled cocktail glass, and serve.",https://www.thecocktaildb.com/images/media/drink/vr6kle1504886114.jpg,"['1/2 oz white ', '1/2 oz ', '1/2 oz ', '1/2 oz ', '1 oz ']","question Generate a cocktail with Creme de Cacao Amaretto Triple sec Vodka Light cream answer Shake all ingredients with ice, strain into a chilled cocktail glass, and serve."
263,263,Old Pal,"['Rye whiskey', 'Campari', 'Dry Vermouth']",Alcoholic,Cocktail,Nick and Nora Glass,"Chill cocktail glass. Add ingredients to a mixing glass, and fill 2/3 full with ice. Stir about 20 seconds. Empty cocktail glass and strain into the glass. Garnish with a twist of lemon peel.",https://www.thecocktaildb.com/images/media/drink/x03td31521761009.jpg,"['2 oz', '1 oz', '1 oz']","question Generate a cocktail with Rye whiskey Campari Dry Vermouth answer Chill cocktail glass. Add ingredients to a mixing glass, and fill 2/3 full with ice. Stir about 20 seconds. Empty cocktail glass and strain into the glass. Garnish with a twist of lemon peel."
264,264,Orangeade,"['Lemon juice', 'Orange juice', 'Sugar syrup', 'Soda water']",Non alcoholic,Cocktail,Highball glass,"Place some ice cubes in a large tumbler or highball glass, add lemon juice, orange juice, sugar syrup, and stir well. Top up with cold soda water, serve with a drinking straw.",https://www.thecocktaildb.com/images/media/drink/ytsxxw1441167732.jpg,"['5 cl ', '15 cl ', '2-3 cl ', None]","question Generate a cocktail with Lemon juice Orange juice Sugar syrup Soda water answer Place some ice cubes in a large tumbler or highball glass, add lemon juice, orange juice, sugar syrup, and stir well. Top up with cold soda water, serve with a drinking straw."
265,265,Orange Whip,"['Orange juice', 'Rum', 'Vodka', 'Cream', 'Ice']",Alcoholic,Other / Unknown,Collins Glass,Pour ingredients over ice and stir.,https://www.thecocktaildb.com/images/media/drink/ttyrxr1454514759.jpg,"['4 oz ', '1 oz ', '1 oz ', '1 package ', 'Over ']",question Generate a cocktail with Orange juice Rum Vodka Cream Ice answer Pour ingredients over ice and stir.
266,266,Orange Crush,"['Vodka', 'Triple sec', 'Orange juice']",Alcoholic,Shot,Shot glass,Add all ingredients to tumbler-Pour as shot,https://www.thecocktaildb.com/images/media/drink/zvoics1504885926.jpg,"['1 oz ', '1 oz ', '1 oz ']",question Generate a cocktail with Vodka Triple sec Orange juice answer Add all ingredients to tumbler-Pour as shot
267,267,Orange Oasis,"['Cherry brandy', 'Gin', 'Orange juice', 'Ginger ale']",Alcoholic,Ordinary Drink,Highball glass,"Shake brandy, gin, and orange juice with ice and strain into a highball glass over ice cubes. Fill with ginger ale, stir, and serve.",https://www.thecocktaildb.com/images/media/drink/su1olx1582473812.jpg,"['1/2 oz ', '1 1/2 oz ', '4 oz ', None]","question Generate a cocktail with Cherry brandy Gin Orange juice Ginger ale answer Shake brandy, gin, and orange juice with ice and strain into a highball glass over ice cubes. Fill with ginger ale, stir, and serve."
268,268,Old Fashioned,"['Bourbon', 'Angostura bitters', 'Sugar', 'Water']",Alcoholic,Cocktail,Old-fashioned glass,"Place sugar cube in old fashioned glass and saturate with bitters, add a dash of plain water. Muddle until dissolved.
Fill the glass with ice cubes and add whiskey.

Garnish with orange twist, and a cocktail cherry.",https://www.thecocktaildb.com/images/media/drink/vrwquq1478252802.jpg,"['4.5 cL', '2 dashes', '1 cube', 'dash']","question Generate a cocktail with Bourbon Angostura bitters Sugar Water answer Place sugar cube in old fashioned glass and saturate with bitters, add a dash of plain water. Muddle until dissolved.
Fill the glass with ice cubes and add whiskey.

Garnish with orange twist, and a cocktail cherry."
269,269,Oreo Mudslide,"['Vodka', 'Kahlua', 'Baileys irish cream', 'Vanilla ice-cream', 'Oreo cookie']",Alcoholic,Ordinary Drink,Collins Glass,"Blend Vodka, Kahlua, Bailey's, ice-cream and the Oreo well in a blender. Pour into a large frosted glass. Garnish with whipped cream and a cherry.",https://www.thecocktaildb.com/images/media/drink/tpwwut1468925017.jpg,"['1 oz ', '1 oz ', '1 oz ', '2 scoops ', '1 ']","question Generate a cocktail with Vodka Kahlua Baileys irish cream Vanilla ice-cream Oreo cookie answer Blend Vodka, Kahlua, Bailey's, ice-cream and the Oreo well in a blender. Pour into a large frosted glass. Garnish with whipped cream and a cherry."
270,270,Oatmeal Cookie,"['Kahlua', 'Baileys irish cream', 'Butterscotch schnapps', 'Jagermeister', 'Goldschlager']",Alcoholic,Cocktail,Mason jar,"Just mix it all together.
It's meant to be a shot, but it works just fine as a proper adult-sized drink over lots of ice.

Tastes like an oatmeal cookie.",https://www.thecocktaildb.com/images/media/drink/bsvmlg1515792693.jpg,"['2 parts', '2 parts', '4 parts', '1 part', '1/2 part']","question Generate a cocktail with Kahlua Baileys irish cream Butterscotch schnapps Jagermeister Goldschlager answer Just mix it all together.
It's meant to be a shot, but it works just fine as a proper adult-sized drink over lots of ice.

Tastes like an oatmeal cookie."
271,271,Orange Push-up,"['Spiced rum', 'Grenadine', 'Orange juice', 'Sour mix']",Alcoholic,Ordinary Drink,Hurricane glass,Combine liquors in a blender. Add a half scoop of ice and blend. Garnish with an orange and cherry flag. So good it will melt in your mouth!!!,https://www.thecocktaildb.com/images/media/drink/mgf0y91503565781.jpg,"['1.5 oz ', '0.5 oz ', '4 oz ', '1 splash ']",question Generate a cocktail with Spiced rum Grenadine Orange juice Sour mix answer Combine liquors in a blender. Add a half scoop of ice and blend. Garnish with an orange and cherry flag. So good it will melt in your mouth!!!
272,272,Orange Rosemary Collins,"['Gin', 'Orange Juice', 'Lemon Juice', 'Rosemary Syrup', 'Soda Water', 'Rosemary', 'Orange Peel']",Alcoholic,Cocktail,Highball glass,Add the spirits to the bottom of the glass and top equally with the mixer drinks. Garnish with orange slices inside the glass as well as some rosemary on top.,https://www.thecocktaildb.com/images/media/drink/mokcas1604179977.jpg,"['1 shot', 'Top', 'Top', '25 ml', 'Top', 'Garnish with', 'Garnish with']",question Generate a cocktail with Gin Orange Juice Lemon Juice Rosemary Syrup Soda Water Rosemary Orange Peel answer Add the spirits to the bottom of the glass and top equally with the mixer drinks. Garnish with orange slices inside the glass as well as some rosemary on top.
273,273,Orange Scented Hot Chocolate,"['Milk', 'Chocolate', 'Orange peel', 'Espresso', 'Nutmeg']",Non alcoholic,Cocoa,Coffee mug,"Combine all ingredients in heavy medium saucepan. Stir over low heat until chocolate melts. Increase heat and bring just to a boil, stirring often. Remove from heat and whisk untily frothy. Return to heat and bring to boil again. Remove from heat, whisk until frothy. Repeat heating and whisking once again. Discard orange peel. (Can be prepared 2 hours ahead. Let stand at room temperature. Before serving, bring just to boil, remove from heat and whisk until frothy.) Pour hot chocolate into coffee mugs. Makes 2 servings.",https://www.thecocktaildb.com/images/media/drink/hdzwrh1487603131.jpg,"['2 cups ', '4 oz chopped bittersweet or semi-sweet ', '3 2-inch strips ', '1/2 tsp instant ', '1/8 tsp ground ']","question Generate a cocktail with Milk Chocolate Orange peel Espresso Nutmeg answer Combine all ingredients in heavy medium saucepan. Stir over low heat until chocolate melts. Increase heat and bring just to a boil, stirring often. Remove from heat and whisk untily frothy. Return to heat and bring to boil again. Remove from heat, whisk until frothy. Repeat heating and whisking once again. Discard orange peel. (Can be prepared 2 hours ahead. Let stand at room temperature. Before serving, bring just to boil, remove from heat and whisk until frothy.) Pour hot chocolate into coffee mugs. Makes 2 servings."
274,274,Owen's Grandmother's Revenge,"['Whiskey', 'Beer', 'Lemonade', 'Ice']",Alcoholic,Ordinary Drink,Highball glass,Add ingredients and mix in blender.,https://www.thecocktaildb.com/images/media/drink/0wt4uo1503565321.jpg,"['12 oz ', '12 oz ', '12 oz frozen ', '1 cup crushed ']",question Generate a cocktail with Whiskey Beer Lemonade Ice answer Add ingredients and mix in blender.
275,275,Paloma,"['Grape Soda', 'Tequila']",Alcoholic,Cocktail,Collins glass,Stir together and serve over ice.,https://www.thecocktaildb.com/images/media/drink/samm5j1513706393.jpg,"['3 oz', '1 1/2 oz']",question Generate a cocktail with Grape Soda Tequila answer Stir together and serve over ice.
276,276,Paradise,"['Gin', 'Apricot Brandy', 'Orange Juice']",Alcoholic,Ordinary Drink,Cocktail glass,Shake together over ice. Strain into cocktail glass and serve chilled.,https://www.thecocktaildb.com/images/media/drink/ejozd71504351060.jpg,"['7 parts', '4 parts', '3 parts ']",question Generate a cocktail with Gin Apricot Brandy Orange Juice answer Shake together over ice. Strain into cocktail glass and serve chilled.
277,277,Pink Gin,"['Bitters', 'Gin']",Alcoholic,Ordinary Drink,White wine glass,"Pour the bitters into a wine glass. Swirl the glass to coat the inside with the bitters, shake out the excess. Pour the gin into the glass. Do not add ice.",https://www.thecocktaildb.com/images/media/drink/qyr51e1504888618.jpg,"['3 dashes ', '2 oz ']","question Generate a cocktail with Bitters Gin answer Pour the bitters into a wine glass. Swirl the glass to coat the inside with the bitters, shake out the excess. Pour the gin into the glass. Do not add ice."
278,278,Pegu Club,"['Gin', 'Orange Curacao', 'Lime Juice', 'Angostura Bitters', 'Orange Bitters']",Alcoholic,Cocktail,Cocktail glass,"Shake, strain, up, cocktail glass",https://www.thecocktaildb.com/images/media/drink/jfkemm1513703902.jpg,"['1 1/2 oz', '3/4 oz', '3/4 oz', '1 dash', '1 dash']","question Generate a cocktail with Gin Orange Curacao Lime Juice Angostura Bitters Orange Bitters answer Shake, strain, up, cocktail glass"
279,279,Pink Lady,"['Gin', 'Grenadine', 'Light cream', 'Egg white']",Alcoholic,Ordinary Drink,Cocktail glass,"Shake all ingredients with ice, strain into a cocktail glass, and serve.",https://www.thecocktaildb.com/images/media/drink/5ia6j21504887829.jpg,"['1 1/2 oz ', '1 tsp ', '1 tsp ', '1 ']","question Generate a cocktail with Gin Grenadine Light cream Egg white answer Shake all ingredients with ice, strain into a cocktail glass, and serve."
280,280,Pink Moon,"['Gin', 'Coconut Liqueur', 'Elderflower cordial', 'Lime Juice', 'Blackberries']",Alcoholic,Cocktail,Whiskey Glass,"Slowly shake in a shaker with ice, strain into a square whiskey glass. Top with fresh ice. Add the blackberries to garnish. Add flowers and a green leaf for a special look!",https://www.thecocktaildb.com/images/media/drink/lnjoc81619696191.jpg,"['1 shot', '1 shot', '25 ml', '30 ml', 'Garnish with']","question Generate a cocktail with Gin Coconut Liqueur Elderflower cordial Lime Juice Blackberries answer Slowly shake in a shaker with ice, strain into a square whiskey glass. Top with fresh ice. Add the blackberries to garnish. Add flowers and a green leaf for a special look!"
281,281,Penicillin,"['Blended Scotch', 'Lemon Juice', 'Honey syrup', 'Ginger Syrup', 'Islay single malt Scotch']",Alcoholic,Cocktail,Old-fashioned glass,"Shake blended Scotch, lemon juice, honey syrup and ginger syrup with ice. Strain over large ice in chilled rocks glass. Float smoky Scotch on top (be sure to use a smoky Scotch such as an Islay single malt). Garnish with candied ginger.",https://www.thecocktaildb.com/images/media/drink/hc9b1a1521853096.jpg,"['2 oz', '3/4 oz', '2 tsp', '2 tsp', '1/4 oz']","question Generate a cocktail with Blended Scotch Lemon Juice Honey syrup Ginger Syrup Islay single malt Scotch answer Shake blended Scotch, lemon juice, honey syrup and ginger syrup with ice. Strain over large ice in chilled rocks glass. Float smoky Scotch on top (be sure to use a smoky Scotch such as an Islay single malt). Garnish with candied ginger."
282,282,Pisco Sour,"['Pisco', 'Lemon juice', 'Sugar', 'Ice', 'Egg White']",Alcoholic,Cocktail,Cocktail glass,"Vigorously shake and strain contents in a cocktail shaker with ice cubes, then pour into glass and garnish with bitters.
",https://www.thecocktaildb.com/images/media/drink/tsssur1439907622.jpg,"['2 oz ', '1 oz ', '1-2 tblsp ', '1', None]","question Generate a cocktail with Pisco Lemon juice Sugar Ice Egg White answer Vigorously shake and strain contents in a cocktail shaker with ice cubes, then pour into glass and garnish with bitters.
"
283,283,Porto flip,"['Brandy', 'Port', 'Egg Yolk']",Alcoholic,Ordinary Drink,Cocktail glass,"Shake ingredients together in a mixer with ice. Strain into glass, garnish and serve.",https://www.thecocktaildb.com/images/media/drink/64x5j41504351518.jpg,"['3 parts', '9 parts', '2 parts']","question Generate a cocktail with Brandy Port Egg Yolk answer Shake ingredients together in a mixer with ice. Strain into glass, garnish and serve."
284,284,Pina Colada,"['Light rum', 'Coconut milk', 'Pineapple']",Alcoholic,Ordinary Drink,Collins glass,"Mix with crushed ice in blender until smooth. Pour into chilled glass, garnish and serve.",https://www.thecocktaildb.com/images/media/drink/upgsue1668419912.jpg,"['3 oz ', '3 tblsp ', '3 tblsp ']","question Generate a cocktail with Light rum Coconut milk Pineapple answer Mix with crushed ice in blender until smooth. Pour into chilled glass, garnish and serve."
285,285,Pink Penocha,"['Everclear', 'Vodka', 'Peach schnapps', 'Orange juice', 'Cranberry juice']",Alcoholic,Punch / Party Drink,Punch bowl,mix all ingredients into bowl keep iced stir frequently,https://www.thecocktaildb.com/images/media/drink/6vigjx1503564007.jpg,"['750 ml ', '1750 ml ', '1750 ml ', '1 gal ', '1 gal ']",question Generate a cocktail with Everclear Vodka Peach schnapps Orange juice Cranberry juice answer mix all ingredients into bowl keep iced stir frequently
286,286,Pure Passion,"['Rum', 'Passoa', 'Lime Juice', 'Passion fruit syrup', 'Peach Bitters', 'Mint']",Alcoholic,Cocktail,Whiskey sour glass,Mix up all ingredients with a cocktail stirrer and serve with crushed ice with mint and edible flour if available.,https://www.thecocktaildb.com/images/media/drink/4tymma1604179273.jpg,"['40 ml', '20 ml', '30 ml', '15 ml', 'Dash', 'Garnish with']",question Generate a cocktail with Rum Passoa Lime Juice Passion fruit syrup Peach Bitters Mint answer Mix up all ingredients with a cocktail stirrer and serve with crushed ice with mint and edible flour if available.
287,287,Popped cherry,"['Vodka', 'Cherry liqueur', 'Cranberry juice', 'Orange juice']",Alcoholic,Ordinary Drink,Highball glass,Served over ice in a tall glass with a popped cherry (can add more popped cherries if in the mood)!,https://www.thecocktaildb.com/images/media/drink/sxvrwv1473344825.jpg,"['2 oz ', '2 oz ', '4 oz ', '4 oz ']",question Generate a cocktail with Vodka Cherry liqueur Cranberry juice Orange juice answer Served over ice in a tall glass with a popped cherry (can add more popped cherries if in the mood)!
288,288,Poppy Cocktail,"['Gin', 'Creme de Cacao']",Alcoholic,Ordinary Drink,Cocktail glass,"Shake ingredients with ice, strain into a cocktail glass, and serve.",https://www.thecocktaildb.com/images/media/drink/cslw1w1504389915.jpg,"['1 1/2 oz ', '3/4 oz white ']","question Generate a cocktail with Gin Creme de Cacao answer Shake ingredients with ice, strain into a cocktail glass, and serve."
289,289,Port Wine Flip,"['Port', 'Light cream', 'Powdered sugar', 'Egg', 'Nutmeg']",Alcoholic,Ordinary Drink,Whiskey sour glass,Shake all ingredients (except nutmeg) with ice and strain into a whiskey sour glass. Sprinkle nutmeg on top and serve.,https://www.thecocktaildb.com/images/media/drink/vrprxu1441553844.jpg,"['1 1/2 oz ', '2 tsp ', '1 tsp ', '1 whole ', None]",question Generate a cocktail with Port Light cream Powdered sugar Egg Nutmeg answer Shake all ingredients (except nutmeg) with ice and strain into a whiskey sour glass. Sprinkle nutmeg on top and serve.
290,290,Planter's Punch,"['Dark rum', 'Orgeat syrup', 'Orange juice', 'Pineapple juice']",Alcoholic,Punch / Party Drink,Collins glass,"Pour all ingredients, except the bitters, into shaker filled with ice. Shake well. Pour into large glass, filled with ice. Add Angostura bitters, ""on top"". Garnish with cocktail cherry and pineapple.",https://www.thecocktaildb.com/images/media/drink/fdk8a31606854815.jpg,"['1 part ', '1/2 part ', '2 parts ', '1 part ']","question Generate a cocktail with Dark rum Orgeat syrup Orange juice Pineapple juice answer Pour all ingredients, except the bitters, into shaker filled with ice. Shake well. Pour into large glass, filled with ice. Add Angostura bitters, ""on top"". Garnish with cocktail cherry and pineapple."
291,291,Pineapple Paloma,"['Tequila', 'Grapefruit Juice', 'Fresh Lime Juice', 'Pineapple Juice', 'Lime', 'Pepper']",Alcoholic,Cocktail,Collins glass,"Rub the rim of each glass with lime slice and dip into salt.
Add ice, tequila, grapefruit juice, lime juice and top with pineapple soda.
Give it a quick stir.
Garnish with fresh pineapple or lime.",https://www.thecocktaildb.com/images/media/drink/pg8iw31593351601.jpg,"['4 oz', '4 oz', '1 oz', '8 oz', 'Garnish with', 'Rimmed']","question Generate a cocktail with Tequila Grapefruit Juice Fresh Lime Juice Pineapple Juice Lime Pepper answer Rub the rim of each glass with lime slice and dip into salt.
Add ice, tequila, grapefruit juice, lime juice and top with pineapple soda.
Give it a quick stir.
Garnish with fresh pineapple or lime."
292,292,Pornstar Martini,"['Vodka', 'Passoa', 'Passion fruit juice', 'Lime', 'Prosecco']",Alcoholic,Cocktail,Cocktail glass,Straight: Pour all ingredients into mixing glass with ice cubes. Shake well. Strain in chilled martini cocktail glass. Cut passion fruit in half and use as garnish. Pour prosecco into a chilled shot glass and serve alongside the martini.,https://www.thecocktaildb.com/images/media/drink/xjhjdf1630406071.jpg,"['3 cl', '3 cl', '1 cl', '1 cl', '1 shot']",question Generate a cocktail with Vodka Passoa Passion fruit juice Lime Prosecco answer Straight: Pour all ingredients into mixing glass with ice cubes. Shake well. Strain in chilled martini cocktail glass. Cut passion fruit in half and use as garnish. Pour prosecco into a chilled shot glass and serve alongside the martini.
293,293,Planter’s Punch,"['Dark Rum', 'Orange Juice', 'Pineapple Juice', 'Grenadine', 'Sugar Syrup', 'Angostura Bitters']",Alcoholic,Cocktail,Highball glass,Squeeze an orange and strain the juice. Put all the ingredients in a shaker filled with ice and shake for at least 12 seconds. Strain into a highball glass and decorate with a pineapple wedge or fruit of your choice.,https://www.thecocktaildb.com/images/media/drink/jn6o251643844541.jpg,"['4.5 cL', '3 cl', '3.5 cl', '1 cl', '1 cl', '4 drops']",question Generate a cocktail with Dark Rum Orange Juice Pineapple Juice Grenadine Sugar Syrup Angostura Bitters answer Squeeze an orange and strain the juice. Put all the ingredients in a shaker filled with ice and shake for at least 12 seconds. Strain into a highball glass and decorate with a pineapple wedge or fruit of your choice.
294,294,Port And Starboard,"['Grenadine', 'Green Creme de Menthe']",Alcoholic,Ordinary Drink,Pousse cafe glass,"Pour carefully into a pousse-cafe glass, so that creme de menthe floats on grenadine. Serve without mixing.",https://www.thecocktaildb.com/images/media/drink/wxvupx1441553911.jpg,"['1 tblsp ', '1/2 oz ']","question Generate a cocktail with Grenadine Green Creme de Menthe answer Pour carefully into a pousse-cafe glass, so that creme de menthe floats on grenadine. Serve without mixing."
295,295,Port Wine Cocktail,"['Port', 'Brandy']",Alcoholic,Ordinary Drink,Cocktail glass,"Stir ingredients with ice, strain into a cocktail glass, and serve.",https://www.thecocktaildb.com/images/media/drink/qruprq1441553976.jpg,"['2 1/2 oz ', '1/2 tsp ']","question Generate a cocktail with Port Brandy answer Stir ingredients with ice, strain into a cocktail glass, and serve."
296,296,Pysch Vitamin Light,"['Orange juice', 'Apple juice', 'Pineapple juice', 'Ice']",Non alcoholic,Ordinary Drink,Collins Glass,Shake with ice.,https://www.thecocktaildb.com/images/media/drink/xsqsxw1441553580.jpg,"['1 part ', '1 part ', '1 part ', None]",question Generate a cocktail with Orange juice Apple juice Pineapple juice Ice answer Shake with ice.
297,297,Pink Panty Pulldowns,"['Sprite', 'Pink lemonade', 'Vodka']",Alcoholic,Ordinary Drink,Collins Glass,Shake well,https://www.thecocktaildb.com/images/media/drink/squsuy1468926657.jpg,"['1 L ', '2 cups ', '2 cups ']",question Generate a cocktail with Sprite Pink lemonade Vodka answer Shake well
298,298,Passion Fruit Martini,"['Vodka', 'Sugar Syrup', 'Passion fruit juice']",Alcoholic,Cocktail,Cocktail glass,Pour all ingredients into a glass and stir. Garnish with half a passion fruit piece.,https://www.thecocktaildb.com/images/media/drink/6trfve1582473527.jpg,"['1 shot', '1/2 shot', 'Full Glass']",question Generate a cocktail with Vodka Sugar Syrup Passion fruit juice answer Pour all ingredients into a glass and stir. Garnish with half a passion fruit piece.
299,299,Pineapple Gingerale Smoothie,"['Ginger', 'Pineapple']",Non alcoholic,Other / Unknown,Highball Glass,Throw everything into a blender and liquify.,https://www.thecocktaildb.com/images/media/drink/eg9i1d1487603469.jpg,"['1/4 inch ', '1/2 ']",question Generate a cocktail with Ginger Pineapple answer Throw everything into a blender and liquify.
300,300,Quentin,"['Dark rum', 'Kahlua', 'Light cream', 'Nutmeg']",Alcoholic,Ordinary Drink,Cocktail glass,"In a shaker half-filled with ice cubes, combine the rum, Kahlua, and cream. Shake well. Strain into a cocktail glass and garnish with the nutmeg.",https://www.thecocktaildb.com/images/media/drink/spxtqp1478963398.jpg,"['1 1/2 oz ', '1/2 oz ', '1 oz ', '1/8 tsp grated ']","question Generate a cocktail with Dark rum Kahlua Light cream Nutmeg answer In a shaker half-filled with ice cubes, combine the rum, Kahlua, and cream. Shake well. Strain into a cocktail glass and garnish with the nutmeg."
301,301,Queen Bee,"['Coffee brandy', 'Lime vodka', 'Sherry']",Alcoholic,Ordinary Drink,Cocktail glass,"Shake all ingredients with ice, strain into a cocktail glass, and serve.",https://www.thecocktaildb.com/images/media/drink/rvvpxu1478963194.jpg,"['1 oz ', '1 1/2 oz ', '1/2 oz cream ']","question Generate a cocktail with Coffee brandy Lime vodka Sherry answer Shake all ingredients with ice, strain into a cocktail glass, and serve."
302,302,Quick F**K,"['Kahlua', 'Midori melon liqueur', 'Baileys irish cream']",Alcoholic,Shot,Shot glass,"In a shot glass add 1/3 Kahlua first. Then 1/3 Miduri, topping it off with a 1/3 bailey's irish cream",https://www.thecocktaildb.com/images/media/drink/wvtwpp1478963454.jpg,"['1 part ', '1 part ', '1 part ']","question Generate a cocktail with Kahlua Midori melon liqueur Baileys irish cream answer In a shot glass add 1/3 Kahlua first. Then 1/3 Miduri, topping it off with a 1/3 bailey's irish cream"
303,303,Quick-sand,"['Black Sambuca', 'Orange juice']",Alcoholic,Ordinary Drink,Highball glass,"Simply add the orange juice, quite a quick pour in order to mix the sambucca with the orange juice. The juice MUST have fruit pulp!",https://www.thecocktaildb.com/images/media/drink/vprxqv1478963533.jpg,"['25 ml ', 'Add 250 ml ']","question Generate a cocktail with Black Sambuca Orange juice answer Simply add the orange juice, quite a quick pour in order to mix the sambucca with the orange juice. The juice MUST have fruit pulp!"
304,304,Queen Charlotte,"['Red wine', 'Grenadine', 'Lemon-lime soda']",Alcoholic,Ordinary Drink,Collins glass,"Pour red wine and grenadine into a collins glass over ice cubes. Fill with lemon-lime soda, stir, and serve.",https://www.thecocktaildb.com/images/media/drink/vqruyt1478963249.jpg,"['2 oz ', '1 oz ', None]","question Generate a cocktail with Red wine Grenadine Lemon-lime soda answer Pour red wine and grenadine into a collins glass over ice cubes. Fill with lemon-lime soda, stir, and serve."
305,305,Queen Elizabeth,"['Dry Vermouth', 'Gin', 'Benedictine']",Alcoholic,Ordinary Drink,Cocktail glass,"Stir all ingredients with ice, strain into a cocktail glass, and serve.",https://www.thecocktaildb.com/images/media/drink/vpqspv1478963339.jpg,"['1/2 oz ', '1 1/2 oz ', '1 1/2 tsp ']","question Generate a cocktail with Dry Vermouth Gin Benedictine answer Stir all ingredients with ice, strain into a cocktail glass, and serve."
306,306,Quaker's Cocktail,"['Light rum', 'Brandy', 'Lemon', 'Raspberry syrup']",Alcoholic,Ordinary Drink,Cocktail glass,"Shake all ingredients with ice, strain into a cocktail glass, and serve.",https://www.thecocktaildb.com/images/media/drink/yrqppx1478962314.jpg,"['3/4 oz ', '3/4 oz ', 'Juice of 1/4 ', '2 tsp ']","question Generate a cocktail with Light rum Brandy Lemon Raspberry syrup answer Shake all ingredients with ice, strain into a cocktail glass, and serve."
307,307,Quarter Deck Cocktail,"['Light rum', 'Sherry', 'Lime']",Alcoholic,Ordinary Drink,Cocktail glass,"Stir all ingredients with ice, strain into a cocktail glass, and serve.",https://www.thecocktaildb.com/images/media/drink/qrwvps1478963017.jpg,"['1 1/2 ', '1/3 oz cream ', 'Juice of 1/2 ']","question Generate a cocktail with Light rum Sherry Lime answer Stir all ingredients with ice, strain into a cocktail glass, and serve."
308,308,Rose,"['Dry Vermouth', 'Gin', 'Apricot brandy', 'Lemon juice', 'Grenadine', 'Powdered sugar']",Alcoholic,Ordinary Drink,Cocktail glass,"Shake together in a cocktail shaker, then strain into chilled glass. Garnish and serve.",https://www.thecocktaildb.com/images/media/drink/8kxbvq1504371462.jpg,"['1/2 oz ', '1 oz ', '1/2 oz ', '1/2 tsp ', '1 tsp ', None]","question Generate a cocktail with Dry Vermouth Gin Apricot brandy Lemon juice Grenadine Powdered sugar answer Shake together in a cocktail shaker, then strain into chilled glass. Garnish and serve."
309,309,Radler,"['Beer', '7-Up']",Alcoholic,Ordinary Drink,Highball glass,"Pour beer into large mug, slowly add the 7-up (or Sprite).",https://www.thecocktaildb.com/images/media/drink/xz8igv1504888995.jpg,"['12 oz ', '12 oz ']","question Generate a cocktail with Beer 7-Up answer Pour beer into large mug, slowly add the 7-up (or Sprite)."
310,310,Rum Sour,"['Light rum', 'Lemon juice', 'Sugar', 'Orange', 'Maraschino cherry']",Alcoholic,Ordinary Drink,Whiskey sour glass,"In a shaker half-filled with ice cubes, combine the rum, lemon juice, and sugar. Shake well. Strain into a sour glass and garnish with the orange slice and the cherry.",https://www.thecocktaildb.com/images/media/drink/bylfi21504886323.jpg,"['2 oz ', '1 oz ', '1/2 tsp superfine ', '1 ', '1 ']","question Generate a cocktail with Light rum Lemon juice Sugar Orange Maraschino cherry answer In a shaker half-filled with ice cubes, combine the rum, lemon juice, and sugar. Shake well. Strain into a sour glass and garnish with the orange slice and the cherry."
311,311,Rum Punch,"['Rum', 'Ginger ale', 'Fruit punch', 'Orange juice', 'Ice']",Alcoholic,Punch / Party Drink,Punch bowl,Mix all ingredients in a punch bowl and serve.,https://www.thecocktaildb.com/images/media/drink/wyrsxu1441554538.jpg,"['mikey bottle ', 'large bottle ', '355 ml frozen ', '355 ml frozen ', 'crushed ']",question Generate a cocktail with Rum Ginger ale Fruit punch Orange juice Ice answer Mix all ingredients in a punch bowl and serve.
312,312,Rum Toddy,"['Rum', 'Powdered sugar', 'Lemon peel', 'Water']",Alcoholic,Ordinary Drink,Old-fashioned glass,Dissolve powdered sugar in water in an old-fashioned glass. Add rum and one ice cube and stir. Add the twist of lemon peel and serve.,https://www.thecocktaildb.com/images/media/drink/athdk71504886286.jpg,"['2 oz light or dark ', '2 tsp ', '1 twist of ', '2 tsp ']",question Generate a cocktail with Rum Powdered sugar Lemon peel Water answer Dissolve powdered sugar in water in an old-fashioned glass. Add rum and one ice cube and stir. Add the twist of lemon peel and serve.
313,313,Royal Fizz,"['Gin', 'Sweet and sour', 'Egg', 'Coca-Cola']",Alcoholic,Ordinary Drink,Collins glass,Shake all ingredients (except cola) with ice and strain into a chilled collins glass. Fill with cola and serve.,https://www.thecocktaildb.com/images/media/drink/wrh44j1504390609.jpg,"['1 oz ', '2 oz ', '1 whole ', None]",question Generate a cocktail with Gin Sweet and sour Egg Coca-Cola answer Shake all ingredients (except cola) with ice and strain into a chilled collins glass. Fill with cola and serve.
314,314,Rum Cooler,"['Rum', 'Lemon-lime soda', 'Lemon']",Alcoholic,Ordinary Drink,Collins glass,Pour the rum and soda into a collins glass almost filled with ice cubes. Stir well and garnish with the lemon wedge.,https://www.thecocktaildb.com/images/media/drink/2hgwsb1504888674.jpg,"['2 oz light or dark ', '4 oz ', '1 ']",question Generate a cocktail with Rum Lemon-lime soda Lemon answer Pour the rum and soda into a collins glass almost filled with ice cubes. Stir well and garnish with the lemon wedge.
315,315,Rum Runner,"['Malibu rum', 'Blackberry brandy', 'Orange juice', 'Pineapple juice', 'Cranberry juice']",Alcoholic,Punch / Party Drink,Cocktail glass,Mix all ingredients in glass & add ice.,https://www.thecocktaildb.com/images/media/drink/vqws6t1504888857.jpg,"['1 1/2 oz ', '1 oz ', '3-4 oz ', '3-4 oz ', '3-4 oz ']",question Generate a cocktail with Malibu rum Blackberry brandy Orange juice Pineapple juice Cranberry juice answer Mix all ingredients in glass & add ice.
316,316,Rusty Nail,"['Scotch', 'Drambuie', 'Lemon peel']",Alcoholic,Ordinary Drink,Old-fashioned glass,Pour the Scotch and Drambuie into an old-fashioned glass almost filled with ice cubes. Stir well. Garnish with the lemon twist.,https://www.thecocktaildb.com/images/media/drink/yqsvtw1478252982.jpg,"['1 1/2 oz ', '1/2 oz ', '1 twist of ']",question Generate a cocktail with Scotch Drambuie Lemon peel answer Pour the Scotch and Drambuie into an old-fashioned glass almost filled with ice cubes. Stir well. Garnish with the lemon twist.
317,317,Red Snapper,"['Crown Royal', 'Amaretto', 'Cranberry juice']",Alcoholic,Shot,Old-fashioned glass,"One shot each, shake n shoot",https://www.thecocktaildb.com/images/media/drink/7p607y1504735343.jpg,"['1 shot ', '1 shot ', '1 shot ']","question Generate a cocktail with Crown Royal Amaretto Cranberry juice answer One shot each, shake n shoot"
318,318,Royal Bitch,"['Frangelico', 'Crown Royal']",Alcoholic,Shot,Shot glass,Into a shot glass layer the Crown Royal on top of the Frangelico.,https://www.thecocktaildb.com/images/media/drink/qupuyr1441210090.jpg,"['1 part ', '1 part ']",question Generate a cocktail with Frangelico Crown Royal answer Into a shot glass layer the Crown Royal on top of the Frangelico.
319,319,Royal Flush,"['Crown Royal', 'Peach schnapps', 'Chambord raspberry liqueur', 'Cranberry juice']",Alcoholic,Shot,Old-fashioned glass,Pour all the ingredients into tumbler over ice. Strain into glass.,https://www.thecocktaildb.com/images/media/drink/7rnm8u1504888527.jpg,"['1 1/2 oz ', '1 oz ', '1/2 oz ', '1 oz ']",question Generate a cocktail with Crown Royal Peach schnapps Chambord raspberry liqueur Cranberry juice answer Pour all the ingredients into tumbler over ice. Strain into glass.
320,320,Rum Cobbler,"['Sugar', 'Club soda', 'Lemon', 'Dark rum', 'Maraschino cherry', 'Orange']",Alcoholic,Ordinary Drink,Old-fashioned glass,"In an old-fashioned glass, dissolve the sugar in the club soda. Add crushed ice until the glass is almost full. Add the rum. Stir well. Garnish with the cherry and the orange and lemon slices.",https://www.thecocktaildb.com/images/media/drink/5vh9ld1504390683.jpg,"['1 tsp superfine ', '3 oz ', '1 ', '2 oz ', '1 ', '1 ']","question Generate a cocktail with Sugar Club soda Lemon Dark rum Maraschino cherry Orange answer In an old-fashioned glass, dissolve the sugar in the club soda. Add crushed ice until the glass is almost full. Add the rum. Stir well. Garnish with the cherry and the orange and lemon slices."
321,321,Ruby Tuesday,"['Gin', 'Cranberry juice', 'Grenadine']",Alcoholic,Cocktail,Highball glass,Pour gin and cranberry into a highball filled with ice cubes. Add grenadine and stir.,https://www.thecocktaildb.com/images/media/drink/qsyqqq1441553437.jpg,"['2 oz ', '5 oz ', '2 splashes ']",question Generate a cocktail with Gin Cranberry juice Grenadine answer Pour gin and cranberry into a highball filled with ice cubes. Add grenadine and stir.
322,322,Rail Splitter,"['Sugar syrup', 'Lemon juice', 'Ginger ale']",Non alcoholic,Cocktail,Highball glass,Mix sugar syrup with lemon juice in a tall glass. Fill up with ginger ale.,https://www.thecocktaildb.com/images/media/drink/stsuqq1441207660.jpg,"['2 tsp ', None, None]",question Generate a cocktail with Sugar syrup Lemon juice Ginger ale answer Mix sugar syrup with lemon juice in a tall glass. Fill up with ginger ale.
323,323,Rosemary Blue,"['Gin', 'Blue Curacao', 'Tonic Water', 'Rosemary']",Alcoholic,Cocktail,Balloon Glass,"1) Add the Bombay Sapphire, Blue Curacao, rosemary sprig and gently squeezed lemon wedge to a balloon glass. Swirl well to combine.
2) Fill with cubed ice and top with the Fever-Tree Light Tonic Water.
3) Gently fold with a bar spoon to mix.",https://www.thecocktaildb.com/images/media/drink/qwc5f91512406543.jpg,"['50 ml', '15 ml', '100 ml', 'Garnish with']","question Generate a cocktail with Gin Blue Curacao Tonic Water Rosemary answer 1) Add the Bombay Sapphire, Blue Curacao, rosemary sprig and gently squeezed lemon wedge to a balloon glass. Swirl well to combine.
2) Fill with cubed ice and top with the Fever-Tree Light Tonic Water.
3) Gently fold with a bar spoon to mix."
324,324,Ramos Gin Fizz,"['Gin', 'Lemon Juice', 'Sugar Syrup', 'Cream', 'Egg White', 'Vanilla extract', 'Soda Water']",Alcoholic,Cocktail,Highball glass,"Prepare all the ingredients on the counter to be able to work well and quickly, especially the cream and egg white.

Pour all the ingredients into a shaker.

Shake vigorously for 1 minute: cream and egg white must be mixed perfectly, so don't rush.

Now open the shaker and put some ice and shake for 1-2 minutes. It depends on how long you can resist!

Pour into a highball glass, add a splash of soda and garnish to taste.

Ramos Gin Fizz was once drunk as an invigorating drink or even as a breakfast, try it as an aperitif and after dinner and you will discover a little gem now lost.",https://www.thecocktaildb.com/images/media/drink/967t911643844053.jpg,"['4.5 cL', '3 cl', '3 cl', '6 cl', '1', '2 drop', '2 cl']","question Generate a cocktail with Gin Lemon Juice Sugar Syrup Cream Egg White Vanilla extract Soda Water answer Prepare all the ingredients on the counter to be able to work well and quickly, especially the cream and egg white.

Pour all the ingredients into a shaker.

Shake vigorously for 1 minute: cream and egg white must be mixed perfectly, so don't rush.

Now open the shaker and put some ice and shake for 1-2 minutes. It depends on how long you can resist!

Pour into a highball glass, add a splash of soda and garnish to taste.

Ramos Gin Fizz was once drunk as an invigorating drink or even as a breakfast, try it as an aperitif and after dinner and you will discover a little gem now lost."
325,325,Royal Gin Fizz,"['Gin', 'Lemon', 'Powdered sugar', 'Egg', 'Carbonated water']",Alcoholic,Ordinary Drink,Highball glass,"Shake all ingredients (except carbonated water) with ice and strain into a highball glass over two ice cubes. Fill with carbonated water, stir, and serve.",https://www.thecocktaildb.com/images/media/drink/pe1x1c1504735672.jpg,"['2 oz ', 'Juice of 1/2 ', '1 tsp ', '1 whole ', None]","question Generate a cocktail with Gin Lemon Powdered sugar Egg Carbonated water answer Shake all ingredients (except carbonated water) with ice and strain into a highball glass over two ice cubes. Fill with carbonated water, stir, and serve."
326,326,Rum Milk Punch,"['Light rum', 'Milk', 'Powdered sugar', 'Nutmeg']",Alcoholic,Ordinary Drink,Collins glass,Shake all ingredients (except nutmeg) with ice and strain into a collins glass. Sprinkle nutmeg on top and serve.,https://www.thecocktaildb.com/images/media/drink/w64lqm1504888810.jpg,"['2 oz ', '1 cup ', '1 tsp ', None]",question Generate a cocktail with Light rum Milk Powdered sugar Nutmeg answer Shake all ingredients (except nutmeg) with ice and strain into a collins glass. Sprinkle nutmeg on top and serve.
327,327,Raspberry Julep,"['Bourbon', 'Raspberry syrup', 'Mint']",Alcoholic,Cocktail,Cordial glass,"Softly muddle the mint leaves and raspberry syrup in the bottom of the cup. Add crushed ice and Bourbon to the cup and then stir. Top with more ice, garnish with a mint sprig.",https://www.thecocktaildb.com/images/media/drink/hyztmx1598719265.jpg,"['2 oz', '1/2 oz', '8']","question Generate a cocktail with Bourbon Raspberry syrup Mint answer Softly muddle the mint leaves and raspberry syrup in the bottom of the cup. Add crushed ice and Bourbon to the cup and then stir. Top with more ice, garnish with a mint sprig."
328,328,Rum Screwdriver,"['Light rum', 'Orange juice']",Alcoholic,Ordinary Drink,Highball glass,"Pour rum into a highball glass over ice cubes. Add orange juice, stir, and serve.",https://www.thecocktaildb.com/images/media/drink/4c85zq1511782093.jpg,"['1 1/2 oz ', '5 oz ']","question Generate a cocktail with Light rum Orange juice answer Pour rum into a highball glass over ice cubes. Add orange juice, stir, and serve."
329,329,Raspberry Cooler,"['Raspberry vodka', 'Lemon-lime soda', 'Ice']",Alcoholic,Other / Unknown,Highball glass,Pour the raspberry vodka and soda into a highball glass almost filled with ice cubes. Stir well.,https://www.thecocktaildb.com/images/media/drink/suqyyx1441254346.jpg,"['2 oz ', '4 oz ', None]",question Generate a cocktail with Raspberry vodka Lemon-lime soda Ice answer Pour the raspberry vodka and soda into a highball glass almost filled with ice cubes. Stir well.
330,330,Rum Old-fashioned,"['Light rum', '151 proof rum', 'Powdered sugar', 'Bitters', 'Water', 'Lime peel']",Alcoholic,Ordinary Drink,Old-fashioned glass,"Stir powdered sugar, water, and bitters in an old-fashioned glass. When sugar has dissolved add ice cubes and light rum. Add the twist of lime peel, float 151 proof rum on top, and serve.",https://www.thecocktaildb.com/images/media/drink/otn2011504820649.jpg,"['1 1/2 oz ', '1 tsp ', '1/2 tsp ', '1 dash ', '1 tsp ', 'Twist of ']","question Generate a cocktail with Light rum 151 proof rum Powdered sugar Bitters Water Lime peel answer Stir powdered sugar, water, and bitters in an old-fashioned glass. When sugar has dissolved add ice cubes and light rum. Add the twist of lime peel, float 151 proof rum on top, and serve."
331,331,Russian Spring Punch,"['Vodka', 'Creme de Cassis', 'Sugar Syrup', 'Lemon Juice']",Alcoholic,Ordinary Drink,Highball glass,"Pour the ingredients into an highball glass, top with Sparkling wine.",https://www.thecocktaildb.com/images/media/drink/ctt20s1504373488.jpg,"['2.5 cl', '1.5 cl', '1 cl', '2.5 cl']","question Generate a cocktail with Vodka Creme de Cassis Sugar Syrup Lemon Juice answer Pour the ingredients into an highball glass, top with Sparkling wine."
332,332,Radioactive Long Island Iced Tea,"['Rum', 'Vodka', 'Tequila', 'Gin', 'Triple sec', 'Chambord raspberry liqueur', 'Midori melon liqueur', 'Malibu rum']",Alcoholic,Ordinary Drink,Collins Glass,Pour all ingredients over ice in a very tall glass. Sip cautiously.,https://www.thecocktaildb.com/images/media/drink/rdvqmh1503563512.jpg,"['1 oz ', '1 oz ', '1 oz ', '1 oz ', '1 oz ', '1 oz ', '1 oz ', '1 oz ']",question Generate a cocktail with Rum Vodka Tequila Gin Triple sec Chambord raspberry liqueur Midori melon liqueur Malibu rum answer Pour all ingredients over ice in a very tall glass. Sip cautiously.
333,333,Smut,"['Red wine', 'Peach schnapps', 'Pepsi Cola', 'Orange juice']",Alcoholic,Punch / Party Drink,Beer mug,Throw it all together and serve real cold.,https://www.thecocktaildb.com/images/media/drink/rx8k8e1504365812.jpg,"['1/3 part ', '1 shot ', '1/3 part ', '1/3 part ']",question Generate a cocktail with Red wine Peach schnapps Pepsi Cola Orange juice answer Throw it all together and serve real cold.
334,334,Spritz,"['Prosecco', 'Campari', 'Soda Water']",Alcoholic,Ordinary Drink,Old-Fashioned glass,"Build into glass over ice, garnish and serve.",https://www.thecocktaildb.com/images/media/drink/j9evx11504373665.jpg,"['6 cl', '4 cl', 'splash']","question Generate a cocktail with Prosecco Campari Soda Water answer Build into glass over ice, garnish and serve."
335,335,Scooter,"['Brandy', 'Amaretto', 'Light cream']",Alcoholic,Ordinary Drink,Cocktail glass,"Shake all ingredients well with cracked ice, strain into a cocktail glass, and serve.",https://www.thecocktaildb.com/images/media/drink/twuptu1483388307.jpg,"['1 oz ', '1 oz ', '1 oz ']","question Generate a cocktail with Brandy Amaretto Light cream answer Shake all ingredients well with cracked ice, strain into a cocktail glass, and serve."
336,336,Sangria,"['Red wine', 'Sugar', 'Orange juice', 'Lemon juice', 'Cloves', 'Cinnamon']",Alcoholic,Punch / Party Drink,Pitcher,Mix all together in a pitcher and refrigerate. Add cloves and cinnamon sticks to taste. Serve in wine glasses.,https://www.thecocktaildb.com/images/media/drink/xrvxpp1441249280.jpg,"['1 bottle ', '1/2 cup ', '1 cup ', '1 cup ', None, None]",question Generate a cocktail with Red wine Sugar Orange juice Lemon juice Cloves Cinnamon answer Mix all together in a pitcher and refrigerate. Add cloves and cinnamon sticks to taste. Serve in wine glasses.
337,337,Stinger,"['Brandy', 'White Creme de Menthe']",Alcoholic,Ordinary Drink,Cocktail glass,"Pour in a mixing glass with ice, stir and strain into a cocktail glass. May also be served on rocks in a rocks glass.",https://www.thecocktaildb.com/images/media/drink/2ahv791504352433.jpg,"['1 1/2 oz ', '1/2 oz ']","question Generate a cocktail with Brandy White Creme de Menthe answer Pour in a mixing glass with ice, stir and strain into a cocktail glass. May also be served on rocks in a rocks glass."
338,338,Sazerac,"['Ricard', 'Sugar', 'Peychaud bitters', 'Water', 'Bourbon', 'Lemon peel']",Alcoholic,Ordinary Drink,Old-fashioned glass,"Rinse a chilled old-fashioned glass with the absinthe, add crushed ice, and set it aside. Stir the remaining ingredients over ice and set it aside. Discard the ice and any excess absinthe from the prepared glass, and strain the drink into the glass. Add the lemon peel for garnish.",https://www.thecocktaildb.com/images/media/drink/vvpxwy1439907208.jpg,"['1 tsp ', '1/2 tsp superfine ', '2 dashes ', '1 tsp ', '2 oz ', '1 twist of ']","question Generate a cocktail with Ricard Sugar Peychaud bitters Water Bourbon Lemon peel answer Rinse a chilled old-fashioned glass with the absinthe, add crushed ice, and set it aside. Stir the remaining ingredients over ice and set it aside. Discard the ice and any excess absinthe from the prepared glass, and strain the drink into the glass. Add the lemon peel for garnish."
339,339,Sidecar,"['Cognac', 'Cointreau', 'Lemon juice']",Alcoholic,Ordinary Drink,Cocktail glass,Pour all ingredients into cocktail shaker filled with ice. Shake well and strain into cocktail glass.,https://www.thecocktaildb.com/images/media/drink/x72sik1606854964.jpg,"['2 oz ', '1/2 oz ', '1 oz ']",question Generate a cocktail with Cognac Cointreau Lemon juice answer Pour all ingredients into cocktail shaker filled with ice. Shake well and strain into cocktail glass.
340,340,Snowday,"['Vodka', 'Amaro Montenegro', 'Ruby Port', 'Blood Orange', 'Angostura Bitters', 'Orange Peel']",Alcoholic,Cocktail,Collins glass,Stir all ingredients with ice. Strain into a chilled rocks glass over fresh ice. Express orange peel over drink and garnish.,https://www.thecocktaildb.com/images/media/drink/4n1ipk1614009624.jpg,"['1 oz', '1 oz', '1 oz', '1 tsp', 'Dash', 'Garnish with']",question Generate a cocktail with Vodka Amaro Montenegro Ruby Port Blood Orange Angostura Bitters Orange Peel answer Stir all ingredients with ice. Strain into a chilled rocks glass over fresh ice. Express orange peel over drink and garnish.
341,341,Spice 75,"['Sugar', 'Allspice', 'Rum', 'Lime Juice', 'Champagne', 'Orange spiral']",Alcoholic,Cocktail,Wine Glass,"Gently warm 60g golden caster sugar in a pan with 30ml water and 1 tbsp allspice. Cook gently until the sugar has dissolved, then leave the mixture to cool. Strain through a sieve lined with a coffee filter (or a double layer of kitchen paper).

Pour 60ml of the spiced syrup into a cocktail shaker along with 200ml rum and 90ml lime juice. Shake with ice and strain between six flute glasses. Top up with 600ml champagne and garnish each with an orange twist.",https://www.thecocktaildb.com/images/media/drink/0108c41576797064.jpg,"['60 ml', '1 tblsp', '20 cl', '90 ml', '6 cl', 'Garnish with']","question Generate a cocktail with Sugar Allspice Rum Lime Juice Champagne Orange spiral answer Gently warm 60g golden caster sugar in a pan with 30ml water and 1 tbsp allspice. Cook gently until the sugar has dissolved, then leave the mixture to cool. Strain through a sieve lined with a coffee filter (or a double layer of kitchen paper).

Pour 60ml of the spiced syrup into a cocktail shaker along with 200ml rum and 90ml lime juice. Shake with ice and strain between six flute glasses. Top up with 600ml champagne and garnish each with an orange twist."
342,342,Snowball,"['Advocaat', 'Lemonade', 'Lemon', 'Ice']",Alcoholic,Ordinary Drink,Highball glass,Place one ice cube in the glass and add 1 1/2 oz of Advocaat. Fill up the glass with lemonade and decorate with a slice of lemon. Serve at once.,https://www.thecocktaildb.com/images/media/drink/7ibfs61504735416.jpg,"['1 1/2 oz ', '8-10 oz cold ', '1 slice ', 'cubes']",question Generate a cocktail with Advocaat Lemonade Lemon Ice answer Place one ice cube in the glass and add 1 1/2 oz of Advocaat. Fill up the glass with lemonade and decorate with a slice of lemon. Serve at once.
343,343,Shot-gun,"['Jim Beam', 'Jack Daniels', 'Wild Turkey']",Alcoholic,Shot,Shot glass,Pour one part Jack Daneils and one part Jim Beam into shot glass then float Wild Turkey on top.,https://www.thecocktaildb.com/images/media/drink/2j1m881503563583.jpg,"['1 part ', '1 part ', '1 oz ']",question Generate a cocktail with Jim Beam Jack Daniels Wild Turkey answer Pour one part Jack Daneils and one part Jim Beam into shot glass then float Wild Turkey on top.
344,344,Salty Dog,"['Grapefruit juice', 'Gin', 'Salt']",Alcoholic,Ordinary Drink,Highball glass,"Pour all ingredients over ice cubes in a highball glass. Stir well and serve. (Vodka may be substituted for gin, if preferred.)",https://www.thecocktaildb.com/images/media/drink/4vfge01504890216.jpg,"['5 oz ', '1 1/2 oz ', '1/4 tsp ']","question Generate a cocktail with Grapefruit juice Gin Salt answer Pour all ingredients over ice cubes in a highball glass. Stir well and serve. (Vodka may be substituted for gin, if preferred.)"
345,345,Stone Sour,"['Apricot brandy', 'Orange juice', 'Sweet and sour']",Alcoholic,Ordinary Drink,Whiskey sour glass,"Shake all ingredients with ice, strain into a chilled whiskey sour glass, and serve.",https://www.thecocktaildb.com/images/media/drink/vruvtp1472719895.jpg,"['1 oz ', '1 oz ', '1 oz ']","question Generate a cocktail with Apricot brandy Orange juice Sweet and sour answer Shake all ingredients with ice, strain into a chilled whiskey sour glass, and serve."
346,346,Sea breeze,"['Vodka', 'Cranberry juice', 'Grapefruit juice']",Alcoholic,Ordinary Drink,Highball glass,Build all ingredients in a highball glass filled with ice. Garnish with lime wedge.,https://www.thecocktaildb.com/images/media/drink/7rfuks1504371562.jpg,"['1 1/2 oz ', '4 oz ', '1 oz ']",question Generate a cocktail with Vodka Cranberry juice Grapefruit juice answer Build all ingredients in a highball glass filled with ice. Garnish with lime wedge.
347,347,Scotch Sour,"['Scotch', 'Lime', 'Powdered sugar', 'Lemon', 'Cherry']",Alcoholic,Ordinary Drink,Whiskey sour glass,"Shake scotch, juice of lime, and powdered sugar with ice and strain into a whiskey sour glass. Decorate with 1/2 slice lemon, top with the cherry, and serve.",https://www.thecocktaildb.com/images/media/drink/0dnb6k1504890436.jpg,"['1 1/2 oz ', 'Juice of 1/2 ', '1/2 tsp ', '1/2 slice ', '1 ']","question Generate a cocktail with Scotch Lime Powdered sugar Lemon Cherry answer Shake scotch, juice of lime, and powdered sugar with ice and strain into a whiskey sour glass. Decorate with 1/2 slice lemon, top with the cherry, and serve."
348,348,Sweet Tooth,"['Godiva liqueur', 'Milk']",Alcoholic,Shake,Highball Glass,"Put 2 shots Godiva Liquour into a glass, add as much or as little milk as you would like.",https://www.thecocktaildb.com/images/media/drink/j6rq6h1503563821.jpg,"['2 shots ', None]","question Generate a cocktail with Godiva liqueur Milk answer Put 2 shots Godiva Liquour into a glass, add as much or as little milk as you would like."
349,349,Screwdriver,"['Vodka', 'Orange juice']",Alcoholic,Ordinary Drink,Highball glass,Mix in a highball glass with ice. Garnish and serve.,https://www.thecocktaildb.com/images/media/drink/8xnyke1504352207.jpg,"['2 oz ', None]",question Generate a cocktail with Vodka Orange juice answer Mix in a highball glass with ice. Garnish and serve.
350,350,Sherry Flip,"['Sherry', 'Light cream', 'Powdered sugar', 'Egg', 'Nutmeg']",Alcoholic,Ordinary Drink,Nick and Nora Glass,Shake all ingredients (except nutmeg) with ice and strain into a whiskey sour glass. Sprinkle nutmeg on top and serve.,https://www.thecocktaildb.com/images/media/drink/qrryvq1478820428.jpg,"['1 1/2 oz cream ', '2 tsp ', '1 tsp ', '1 whole ', None]",question Generate a cocktail with Sherry Light cream Powdered sugar Egg Nutmeg answer Shake all ingredients (except nutmeg) with ice and strain into a whiskey sour glass. Sprinkle nutmeg on top and serve.
351,351,Sol Y Sombra,"['Brandy', 'Anisette']",Alcoholic,Ordinary Drink,Brandy snifter,"Shake ingredients with ice, strain into a brandy snifter, and serve. (The English translation of the name of this drink is ""Sun and Shade"", and after sampling this drink, you'll understand why. Thanks, Kirby.)",https://www.thecocktaildb.com/images/media/drink/3gz2vw1503425983.jpg,"['1 1/2 oz ', '1 1/2 oz ']","question Generate a cocktail with Brandy Anisette answer Shake ingredients with ice, strain into a brandy snifter, and serve. (The English translation of the name of this drink is ""Sun and Shade"", and after sampling this drink, you'll understand why. Thanks, Kirby.)"
352,352,Shark Attack,"['Lemonade', 'Water', 'Vodka']",Alcoholic,Cocktail,Pitcher,Mix lemonade and water according to instructions on back of can. If the instructions say to add 4 1/3 cans of water do so. Mix into pitcher. Add 1 1/2 cup of Vodka (Absolut). Mix well. Pour into glass of crushed ice. Excellent!,https://www.thecocktaildb.com/images/media/drink/uv96zr1504793256.jpg,"['1 can ', '3 cans ', '1 1/2 cup ']",question Generate a cocktail with Lemonade Water Vodka answer Mix lemonade and water according to instructions on back of can. If the instructions say to add 4 1/3 cans of water do so. Mix into pitcher. Add 1 1/2 cup of Vodka (Absolut). Mix well. Pour into glass of crushed ice. Excellent!
353,353,San Francisco,"['Vodka', 'Creme de Banane', 'Grenadine', 'Orange juice']",Alcoholic,Ordinary Drink,Highball glass,"Take a tall glass and put in a few ice cubes, fill the vodka over it and fill with juice then the ""creme"", to end fill in the grenadine but very carefully at the side of the glass so it will lay down in the bottom. garnish with orange and strawberry.",https://www.thecocktaildb.com/images/media/drink/szmj2d1504889961.jpg,"['2 cl ', '2 cl ', None, None]","question Generate a cocktail with Vodka Creme de Banane Grenadine Orange juice answer Take a tall glass and put in a few ice cubes, fill the vodka over it and fill with juice then the ""creme"", to end fill in the grenadine but very carefully at the side of the glass so it will lay down in the bottom. garnish with orange and strawberry."
354,354,Space Odyssey,"['151 proof rum', 'Malibu rum', 'Pineapple juice', 'Orange juice', 'Grenadine', 'Cherries']",Alcoholic,Ordinary Drink,Highball glass,Fill glass with ice and add shots of Bacardi and Malibu. Add splash of pineapple juice and top with orange juice. Add grenadine for color and garnish with cherries.,https://www.thecocktaildb.com/images/media/drink/vxtjbx1504817842.jpg,"['1 shot Bacardi ', '1 shot ', '1 shot ', None, None, None]",question Generate a cocktail with 151 proof rum Malibu rum Pineapple juice Orange juice Grenadine Cherries answer Fill glass with ice and add shots of Bacardi and Malibu. Add splash of pineapple juice and top with orange juice. Add grenadine for color and garnish with cherries.
355,355,Sherry Eggnog,"['Sherry', 'Powdered sugar', 'Egg', 'Milk', 'Nutmeg']",Alcoholic,Ordinary Drink,Collins glass,"Shake sherry, powdered sugar, and egg with ice and strain into a collins glass. Fill with milk and stir. Sprinkle nutmeg on top and serve.",https://www.thecocktaildb.com/images/media/drink/xwrpsv1478820541.jpg,"['2 oz cream ', '1 tsp ', '1 whole ', None, None]","question Generate a cocktail with Sherry Powdered sugar Egg Milk Nutmeg answer Shake sherry, powdered sugar, and egg with ice and strain into a collins glass. Fill with milk and stir. Sprinkle nutmeg on top and serve."
356,356,Sweet Bananas,"['Milk', 'Banana', 'Honey']",Non alcoholic,Shake,Highball Glass,"Place all ingredients in the blender jar - cover and whiz on medium speed until well blended. Pour in one tall, 2 medium or 3 small glasses and drink up.",https://www.thecocktaildb.com/images/media/drink/sxpcj71487603345.jpg,"['2 cups ', '1 ', '1 tblsp ']","question Generate a cocktail with Milk Banana Honey answer Place all ingredients in the blender jar - cover and whiz on medium speed until well blended. Pour in one tall, 2 medium or 3 small glasses and drink up."
357,357,Sweet Sangria,"['Red wine', 'Sugar', 'Water', 'Apple', 'Orange', 'Lime', 'Lemon', 'Fresca']",Alcoholic,Punch / Party Drink,Pitcher,"Dissolve the sugar in hot water and cool. Peel the citrus fruits and break into wedges. Mix the wine, sugar syrup, fruit, and Fresca in a pitcher and put in the fridge for a few hours. Serve in tall glasses with a straw.",https://www.thecocktaildb.com/images/media/drink/uqqvsp1468924228.jpg,"['2 bottles ', '1 cup ', '2 cups hot ', '1 cup', ' wedges\n', ' wedges\n', None, None]","question Generate a cocktail with Red wine Sugar Water Apple Orange Lime Lemon Fresca answer Dissolve the sugar in hot water and cool. Peel the citrus fruits and break into wedges. Mix the wine, sugar syrup, fruit, and Fresca in a pitcher and put in the fridge for a few hours. Serve in tall glasses with a straw."
358,358,Thriller,"['Scotch', 'Wine', 'Orange juice']",Alcoholic,Ordinary Drink,Cocktail glass,"In a shaker half-filled with ice cubes, combine all of the ingredients. Shake well. Strain into a cocktail glass.",https://www.thecocktaildb.com/images/media/drink/rvuswq1461867714.jpg,"['1 1/2 oz ', '1 oz Green Ginger ', '1 oz ']","question Generate a cocktail with Scotch Wine Orange juice answer In a shaker half-filled with ice cubes, combine all of the ingredients. Shake well. Strain into a cocktail glass."
359,359,The Galah,"['Dark Rum', 'Campari', 'Creme De Banane', 'Pineapple Juice', 'Lime Juice']",Alcoholic,Cocktail,Collins glass,Mix together the alcoholic portions and top with Pineapple and Lime juice.,https://www.thecocktaildb.com/images/media/drink/sy7y6r1614775067.jpg,"['1 shot', '1 shot', '1/2 shot', 'Top', 'Top']",question Generate a cocktail with Dark Rum Campari Creme De Banane Pineapple Juice Lime Juice answer Mix together the alcoholic portions and top with Pineapple and Lime juice.
360,360,Tia-Maria,"['Water', 'Brown sugar', 'Coffee', 'Rum', 'Vanilla extract']",Alcoholic,Homemade Liqueur,Collins Glass,"Boil water, sugar and coffe for 10 mins and let cool. Add rum and vanilla. Put in clean bottle(s) and leave for 1 week before using.",https://www.thecocktaildb.com/images/media/drink/sih81u1504367097.jpg,"['1 cup ', '3/4-1 cup ', '4 tsp ', '1 cup ', '4 tsp ']","question Generate a cocktail with Water Brown sugar Coffee Rum Vanilla extract answer Boil water, sugar and coffe for 10 mins and let cool. Add rum and vanilla. Put in clean bottle(s) and leave for 1 week before using."
361,361,Tipperary,"['Irish Whiskey', 'Sweet Vermouth', 'Green Chartreuse']",Alcoholic,Cocktail,Nick and Nora Glass,"Stir over ice. Strain into chilled glass. Cut a wide swath of orange peel, and express the orange oils over the drink. Discard orange twist.",https://www.thecocktaildb.com/images/media/drink/b522ek1521761610.jpg,"['2 oz', '1 oz', '1/2 oz']","question Generate a cocktail with Irish Whiskey Sweet Vermouth Green Chartreuse answer Stir over ice. Strain into chilled glass. Cut a wide swath of orange peel, and express the orange oils over the drink. Discard orange twist."
362,362,Turkeyball,"['Wild Turkey', 'Amaretto', 'Pineapple juice']",Alcoholic,Shot,Shot glass,Shake with ice and strain into a shot glass.,https://www.thecocktaildb.com/images/media/drink/rxurpr1441554292.jpg,"['1 oz ', '3/4 oz ', '1 splash ']",question Generate a cocktail with Wild Turkey Amaretto Pineapple juice answer Shake with ice and strain into a shot glass.
363,363,Texas Sling,"['Kahlua', 'Irish cream', 'Amaretto', '151 proof rum', 'Cream']",Alcoholic,Shake,Wine Glass,"Blend with Ice until smooth. Serve in a tulip glass, top with whip cream.",https://www.thecocktaildb.com/images/media/drink/ypl13s1504890158.jpg,"['1/2 oz ', '1/2 oz ', '1/2 oz ', '1/2 oz Bacardi ', '1 oz ']","question Generate a cocktail with Kahlua Irish cream Amaretto 151 proof rum Cream answer Blend with Ice until smooth. Serve in a tulip glass, top with whip cream."
364,364,Thai Coffee,"['Coffee', 'Coriander', 'Cardamom', 'Sugar', 'Whipping cream', 'Ice']",Non alcoholic,Coffee / Tea,Highball glass,"Place the coffee and spices in the filter cone of your coffee maker. Brew coffee as usual, let it cool. In a tall glass, dissolve 1 or 2 teaspoons of sugar in an ounce of the coffee (it's easier to dissolve than if you put it right over ice). Add 5-6 ice cubes and pour coffee to within about 1 inch of the top of the glass. Rest a spoon on top of the coffee and slowly pour whipping cream into the spoon. This will make the cream float on top of the coffee rather than dispersing into it right away.",https://www.thecocktaildb.com/images/media/drink/wquwxs1441247025.jpg,"['6 tblsp ground', '1/4 tsp ', '4-5 whole green ', None, None, None]","question Generate a cocktail with Coffee Coriander Cardamom Sugar Whipping cream Ice answer Place the coffee and spices in the filter cone of your coffee maker. Brew coffee as usual, let it cool. In a tall glass, dissolve 1 or 2 teaspoons of sugar in an ounce of the coffee (it's easier to dissolve than if you put it right over ice). Add 5-6 ice cubes and pour coffee to within about 1 inch of the top of the glass. Rest a spoon on top of the coffee and slowly pour whipping cream into the spoon. This will make the cream float on top of the coffee rather than dispersing into it right away."
365,365,Tom Collins,"['Gin', 'Lemon juice', 'Sugar', 'Club soda', 'Maraschino cherry', 'Orange']",Alcoholic,Ordinary Drink,Collins glass,"In a shaker half-filled with ice cubes, combine the gin, lemon juice, and sugar. Shake well. Strain into a collins glass alomst filled with ice cubes. Add the club soda. Stir and garnish with the cherry and the orange slice.",https://www.thecocktaildb.com/images/media/drink/7cll921606854636.jpg,"['2 oz ', '1 oz ', '1 tsp superfine ', '3 oz ', '1 ', '1 ']","question Generate a cocktail with Gin Lemon juice Sugar Club soda Maraschino cherry Orange answer In a shaker half-filled with ice cubes, combine the gin, lemon juice, and sugar. Shake well. Strain into a collins glass alomst filled with ice cubes. Add the club soda. Stir and garnish with the cherry and the orange slice."
366,366,Tomato Tang,"['Tomato juice', 'Lemon juice', 'Celery salt']",Non alcoholic,Other / Unknown,Highball glass,"Place all ingredients in the blender jar - cover and whiz on medium speed until well blended. Pour in one tall, 2 medium or 3 small glasses and drink up.",https://www.thecocktaildb.com/images/media/drink/869qr81487603278.jpg,"['2 cups ', '1-2 tblsp ', '1 dash ']","question Generate a cocktail with Tomato juice Lemon juice Celery salt answer Place all ingredients in the blender jar - cover and whiz on medium speed until well blended. Pour in one tall, 2 medium or 3 small glasses and drink up."
367,367,Talos Coffee,"['Grand Marnier', 'Coffee']",Alcoholic,Coffee / Tea,Brandy snifter,Add your GM and then add your coffee.,https://www.thecocktaildb.com/images/media/drink/rswqpy1441246518.jpg,"['3 parts ', '1 part ']",question Generate a cocktail with Grand Marnier Coffee answer Add your GM and then add your coffee.
368,368,Tennesee Mud,"['Coffee', 'Jack Daniels', 'Amaretto', 'Whipped cream']",Alcoholic,Coffee / Tea,Coffee Mug,"Mix Coffee, Jack Daniels and Amaretto. Add Cream on top.",https://www.thecocktaildb.com/images/media/drink/txruqv1441245770.jpg,"['8 oz ', '4 oz ', '4 oz ', None]","question Generate a cocktail with Coffee Jack Daniels Amaretto Whipped cream answer Mix Coffee, Jack Daniels and Amaretto. Add Cream on top."
369,369,Tequila Fizz,"['Tequila', 'Lemon juice', 'Grenadine', 'Egg white', 'Ginger ale']",Alcoholic,Ordinary Drink,Collins glass,"Shake all ingredients (except ginger ale) with ice and strain into a collins glass over ice cubes. Fill with ginger ale, stir, and serve.",https://www.thecocktaildb.com/images/media/drink/2bcase1504889637.jpg,"['2 oz ', '1 tblsp ', '3/4 oz ', '1 ', None]","question Generate a cocktail with Tequila Lemon juice Grenadine Egg white Ginger ale answer Shake all ingredients (except ginger ale) with ice and strain into a collins glass over ice cubes. Fill with ginger ale, stir, and serve."
370,370,Tequila Sour,"['Tequila', 'Lemon', 'Powdered sugar', 'Lemon', 'Cherry']",Alcoholic,Ordinary Drink,Whiskey sour glass,"Shake tequila, juice of lemon, and powdered sugar with ice and strain into a whiskey sour glass. Add the half-slice of lemon, top with the cherry, and serve.",https://www.thecocktaildb.com/images/media/drink/ek0mlq1504820601.jpg,"['2 oz ', 'Juice of 1/2 ', '1 tsp ', '1/2 slice ', '1 ']","question Generate a cocktail with Tequila Lemon Powdered sugar Lemon Cherry answer Shake tequila, juice of lemon, and powdered sugar with ice and strain into a whiskey sour glass. Add the half-slice of lemon, top with the cherry, and serve."
371,371,Thai Iced Tea,"['Tea', 'Water', 'Condensed milk', 'Ice', 'Mint']",Non alcoholic,Coffee / Tea,Highball glass,"Combine Thai tea (i.e., the powder), boiling water, and sweetened condensed milk, stir until blended. Pour into 2 tall glasses filled with ice cubes. Garnish with mint leaves. Makes 2 servings.",https://www.thecocktaildb.com/images/media/drink/trvwpu1441245568.jpg,"['1/4 cup Thai ', '1/2 cup boiling ', '2 tsp sweetened ', 'cubes', 'garnish']","question Generate a cocktail with Tea Water Condensed milk Ice Mint answer Combine Thai tea (i.e., the powder), boiling water, and sweetened condensed milk, stir until blended. Pour into 2 tall glasses filled with ice cubes. Garnish with mint leaves. Makes 2 servings."
372,372,The Last Word,"['Green Chartreuse', 'Maraschino Liqueur', 'Lime Juice', 'Gin']",Alcoholic,Cocktail,Cocktail glass,Shake with ice and strain into a cocktail glass.,https://www.thecocktaildb.com/images/media/drink/91oule1513702624.jpg,"['1 oz', '1 oz', '1 oz', '1 oz']",question Generate a cocktail with Green Chartreuse Maraschino Liqueur Lime Juice Gin answer Shake with ice and strain into a cocktail glass.
373,373,Turf Cocktail,"['Dry Vermouth', 'Gin', 'Anis', 'Bitters', 'Orange peel']",Alcoholic,Ordinary Drink,Cocktail glass,Stir all ingredients (except orange peel) with ice and strain into a cocktail glass. Add the twist of orange peel and serve.,https://www.thecocktaildb.com/images/media/drink/utypqq1441554367.jpg,"['1 oz ', '1 oz ', '1/4 tsp ', '2 dashes ', 'Twist of ']",question Generate a cocktail with Dry Vermouth Gin Anis Bitters Orange peel answer Stir all ingredients (except orange peel) with ice and strain into a cocktail glass. Add the twist of orange peel and serve.
374,374,The Laverstoke,"['Gin', 'Elderflower cordial', 'Rosso Vermouth', 'Tonic Water', 'Lime', 'Ginger', 'Mint']",Alcoholic,Cocktail,Balloon Glass,"1) Squeeze two lime wedges into a balloon glass then add the cordial, Bombay Sapphire and MARTINI Rosso Vermouth, swirl to mix.

2) Fully fill the glass with cubed ice and stir to chill.

3) Top with Fever-Tree Ginger Ale and gently stir again to combine.

4) Garnish with a snapped ginger slice and an awoken mint sprig.",https://www.thecocktaildb.com/images/media/drink/6xfj5t1517748412.jpg,"['50 ml', '15 ml', '15 ml', '75 ml', '2 Wedges', '1 Slice', '1 Large Sprig']","question Generate a cocktail with Gin Elderflower cordial Rosso Vermouth Tonic Water Lime Ginger Mint answer 1) Squeeze two lime wedges into a balloon glass then add the cordial, Bombay Sapphire and MARTINI Rosso Vermouth, swirl to mix.

2) Fully fill the glass with cubed ice and stir to chill.

3) Top with Fever-Tree Ginger Ale and gently stir again to combine.

4) Garnish with a snapped ginger slice and an awoken mint sprig."
375,375,Tequila Slammer,"['Tequila', '7-up']",Alcoholic,Shot,Hurricane glass,Mix carefully to avoid releasing the dissolved CO2.,https://www.thecocktaildb.com/images/media/drink/43uhr51551451311.jpg,"['1 shot', '1 part']",question Generate a cocktail with Tequila 7-up answer Mix carefully to avoid releasing the dissolved CO2.
376,376,Tequila Sunrise,"['Tequila', 'Orange juice', 'Grenadine']",Alcoholic,Cocktail,Highball glass,"Pour the tequila and orange juice into glass over ice. Add the grenadine, which will sink to the bottom. Stir gently to create the sunrise effect. Garnish and serve.",https://www.thecocktaildb.com/images/media/drink/quqyqp1480879103.jpg,"['2 measures ', None, None]","question Generate a cocktail with Tequila Orange juice Grenadine answer Pour the tequila and orange juice into glass over ice. Add the grenadine, which will sink to the bottom. Stir gently to create the sunrise effect. Garnish and serve."
377,377,The Philosopher,"['Gin', 'Melon Liqueur', 'Orange Bitters', 'Lemon Juice', 'Prosecco']",Alcoholic,Cocktail,Margarita glass,"Add all the spirits in a shaker (best to use Hendricks gin) as well as the orange bitters and lemon juice. Strain into a Margarita glass, top with Prosecco.",https://www.thecocktaildb.com/images/media/drink/sp8hkp1596017787.jpg,"['1 shot', '1 shot', '1 dash', '1 dash', 'Top']","question Generate a cocktail with Gin Melon Liqueur Orange Bitters Lemon Juice Prosecco answer Add all the spirits in a shaker (best to use Hendricks gin) as well as the orange bitters and lemon juice. Strain into a Margarita glass, top with Prosecco."
378,378,Tuxedo Cocktail,"['Dry Vermouth', 'Gin', 'Maraschino liqueur', 'Anis', 'Orange bitters', 'Cherry']",Alcoholic,Ordinary Drink,Cocktail glass,Stir all ingredients with ice and strain into a cocktail glass. Garnish with a cherry and a twist of lemon zest.,https://www.thecocktaildb.com/images/media/drink/4u0nbl1504352551.jpg,"['1 1/2 oz ', '1 1/2 oz ', '1/4 tsp ', '1/4 tsp ', '2 dashes ', '1 ']",question Generate a cocktail with Dry Vermouth Gin Maraschino liqueur Anis Orange bitters Cherry answer Stir all ingredients with ice and strain into a cocktail glass. Garnish with a cherry and a twist of lemon zest.
379,379,Tequila Surprise,"['Tequila', 'Tabasco sauce']",Alcoholic,Shot,Shot glass,Fill shot glass with Tequila. Add drops of Tobasco sauce.,https://www.thecocktaildb.com/images/media/drink/8189p51504735581.jpg,"['full glass ', 'About 8 drops ']",question Generate a cocktail with Tequila Tabasco sauce answer Fill shot glass with Tequila. Add drops of Tobasco sauce.
380,380,Thai Iced Coffee,"['Coffee', 'Sugar', 'Cream', 'Cardamom']",Non alcoholic,Coffee / Tea,Highball glass,"Prepare a pot of coffee at a good European strength. In the ground coffee, add 2 or 3 freshly ground cardamom pods. Sweeten while hot, then cool quickly. Serve in highball glass over ice, with cream. To get the layered effect, place a spoon atop the coffee and pour the milk carefully into the spoon so that it floats on the top of the coffee.",https://www.thecocktaildb.com/images/media/drink/rqpypv1441245650.jpg,"['black', None, ' pods\n', None]","question Generate a cocktail with Coffee Sugar Cream Cardamom answer Prepare a pot of coffee at a good European strength. In the ground coffee, add 2 or 3 freshly ground cardamom pods. Sweeten while hot, then cool quickly. Serve in highball glass over ice, with cream. To get the layered effect, place a spoon atop the coffee and pour the milk carefully into the spoon so that it floats on the top of the coffee."
381,381,The Jimmy Conway,"['Irish Whiskey', 'Amaretto', 'Cranberry Juice']",Alcoholic,Cocktail,Whiskey sour glass,"Fill glass with ice
Pour in The Irishman and Disaronno
Fill to the top with Cranberry Juice
Garnish with a slice of lemon…Enjoy!",https://www.thecocktaildb.com/images/media/drink/wbcvyo1535794478.jpg,"['50 ml', '50 ml', '4 oz']","question Generate a cocktail with Irish Whiskey Amaretto Cranberry Juice answer Fill glass with ice
Pour in The Irishman and Disaronno
Fill to the top with Cranberry Juice
Garnish with a slice of lemon…Enjoy!"
382,382,Texas Rattlesnake,"['Yukon Jack', 'Cherry brandy', 'Southern Comfort', 'Sweet and sour']",Alcoholic,Shot,Highball glass,"Mix all ingredients and Shake well. Sweet at first, with a BITE at the end...",https://www.thecocktaildb.com/images/media/drink/rtohqp1504889750.jpg,"['1 part ', '1/2 part ', '1 part ', '1 splash ']","question Generate a cocktail with Yukon Jack Cherry brandy Southern Comfort Sweet and sour answer Mix all ingredients and Shake well. Sweet at first, with a BITE at the end..."
383,383,Vesper,"['Gin', 'Vodka', 'Lillet Blanc']",Alcoholic,Cocktail,Cocktail glass,"Shake over ice until well chilled, then strain into a deep goblet and garnish with a thin slice of lemon peel.",https://www.thecocktaildb.com/images/media/drink/mtdxpa1504374514.jpg,"['6 cl', '1.5 cl', '0.75 cl']","question Generate a cocktail with Gin Vodka Lillet Blanc answer Shake over ice until well chilled, then strain into a deep goblet and garnish with a thin slice of lemon peel."
384,384,Victor,"['Gin', 'Sweet Vermouth', 'Brandy']",Alcoholic,Ordinary Drink,Cocktail glass,"Shake all ingredients with ice, strain into a cocktail glass, and serve.",https://www.thecocktaildb.com/images/media/drink/voapgc1492976416.jpg,"['1 1/2 oz ', '1/2 oz ', '1/2 oz ']","question Generate a cocktail with Gin Sweet Vermouth Brandy answer Shake all ingredients with ice, strain into a cocktail glass, and serve."
385,385,Vampiro,"['Tequila', 'Tomato Juice', 'Orange Juice', 'Lime Juice', 'Sugar Syrup', 'Salt']",Alcoholic,Ordinary Drink,Old-Fashioned glass,"Vampiros may be made in a tall glass or an old fashioned glass. Bartenders may first ""rim"" the glass with Kosher Salt, which is done by placing a layer of Kosher Salt on a chopping board, moistening the glass' rim with lime juice or water, and then placing the upside down glass rim onto the Kosher Salt, so that the salt sticks to the moistened rim. The second step is to fill half the glass with ice and add one or two shooter glasses full of high quality Tequila. The next stage is to add the flavouring elements. This is done by squeezing a fresh lime into the glass, adding a few grains of salt, adding citrus-flavoured soda pop, until the glass is 4/5 full, and then adding spicy Viuda de Sanchez (or orange juice, lime juice and pico de gallo). The final step is to stir the ingredients so that the flavours are properly blended.",https://www.thecocktaildb.com/images/media/drink/yfhn371504374246.jpg,"['6 cl', '3 cl', '3 cl', '1.5 cl', '1 dash', '1 pinch']","question Generate a cocktail with Tequila Tomato Juice Orange Juice Lime Juice Sugar Syrup Salt answer Vampiros may be made in a tall glass or an old fashioned glass. Bartenders may first ""rim"" the glass with Kosher Salt, which is done by placing a layer of Kosher Salt on a chopping board, moistening the glass' rim with lime juice or water, and then placing the upside down glass rim onto the Kosher Salt, so that the salt sticks to the moistened rim. The second step is to fill half the glass with ice and add one or two shooter glasses full of high quality Tequila. The next stage is to add the flavouring elements. This is done by squeezing a fresh lime into the glass, adding a few grains of salt, adding citrus-flavoured soda pop, until the glass is 4/5 full, and then adding spicy Viuda de Sanchez (or orange juice, lime juice and pico de gallo). The final step is to stir the ingredients so that the flavours are properly blended."
386,386,Vesuvio,"['Light rum', 'Sweet Vermouth', 'Lemon', 'Powdered sugar', 'Egg white']",Alcoholic,Ordinary Drink,Old-fashioned glass,"Shake all ingredients with ice, strain into an old-fashioned glass over ice cubes, and serve.",https://www.thecocktaildb.com/images/media/drink/26cq601492976203.jpg,"['1 oz ', '1/2 oz ', 'Juice of 1/2 ', '1 tsp ', '1 ']","question Generate a cocktail with Light rum Sweet Vermouth Lemon Powdered sugar Egg white answer Shake all ingredients with ice, strain into an old-fashioned glass over ice cubes, and serve."
387,387,Veteran,"['Dark rum', 'Cherry brandy']",Alcoholic,Ordinary Drink,Old-fashioned glass,Pour the rum and cherry brandy into an old-fashioned glass almost filled with ice cubes. Stir well.,https://www.thecocktaildb.com/images/media/drink/iwml9t1492976255.jpg,"['2 oz ', '1/2 oz ']",question Generate a cocktail with Dark rum Cherry brandy answer Pour the rum and cherry brandy into an old-fashioned glass almost filled with ice cubes. Stir well.
388,388,Van Vleet,"['Light rum', 'Maple syrup', 'Lemon juice']",Alcoholic,Ordinary Drink,Old-fashioned glass,"Shake all ingredients with ice, strain into an old-fashioned glass over ice cubes, and serve.",https://www.thecocktaildb.com/images/media/drink/fgq2bl1492975771.jpg,"['3 oz ', '1 oz ', '1 oz ']","question Generate a cocktail with Light rum Maple syrup Lemon juice answer Shake all ingredients with ice, strain into an old-fashioned glass over ice cubes, and serve."
389,389,Vodka Fizz,"['Vodka', 'Half-and-half', 'Limeade', 'Ice', 'Nutmeg']",Alcoholic,Other / Unknown,White wine glass,"Blend all ingredients, save nutmeg. Pour into large white wine glass and sprinkle nutmeg on top.",https://www.thecocktaildb.com/images/media/drink/xwxyux1441254243.jpg,"['2 oz ', '2 oz ', '2 oz ', None, None]","question Generate a cocktail with Vodka Half-and-half Limeade Ice Nutmeg answer Blend all ingredients, save nutmeg. Pour into large white wine glass and sprinkle nutmeg on top."
390,390,Vodka Lemon,"['Vodka', 'Lemon Juice', 'Lemon Peel', 'Ice']",Alcoholic,Cocktail,Highball glass,"The vodka lemon is prepared directly in a highball glass or in a large tumbler: put 6-7 ice cubes in the glass, pour the vodka, lemonade and mix with a bar spoon. Finally decorate with a slice of lemon and, if you prefer, add a few mint leaves. Your vodka lemon is ready to be served.",https://www.thecocktaildb.com/images/media/drink/mql55h1643820632.jpg,"['5 cl', '7 cl', '1 Slice', 'cubes']","question Generate a cocktail with Vodka Lemon Juice Lemon Peel Ice answer The vodka lemon is prepared directly in a highball glass or in a large tumbler: put 6-7 ice cubes in the glass, pour the vodka, lemonade and mix with a bar spoon. Finally decorate with a slice of lemon and, if you prefer, add a few mint leaves. Your vodka lemon is ready to be served."
391,391,Vodka Slime,"['Sprite', 'Lime Juice', 'Vodka']",Alcoholic,Cocktail,Highball glass,"Fill glass with ice. Add vodka, 7-up then finish with the lime juice.",https://www.thecocktaildb.com/images/media/drink/apex461643588115.jpg,"['1 cup', '1/2 shot', '1 1/2 shot']","question Generate a cocktail with Sprite Lime Juice Vodka answer Fill glass with ice. Add vodka, 7-up then finish with the lime juice."
392,392,Vodka Tonic,"['Vodka', 'Tonic Water', 'Lemon Peel']",Alcoholic,Cocktail,Highball glass,"Wash and cut 1 wedge and 1 slice of lime or lemon.
Fill a tumbler with fresh ice.
Pour the desired dose of vodka and top up with the tonic.
Squeeze the lime wedge into the glass and decorate with the slice.
That's all, very simple: it's just the recipe for happiness!",https://www.thecocktaildb.com/images/media/drink/9koz3f1643821062.jpg,"['4 cl', '10 cl', '1 Slice']","question Generate a cocktail with Vodka Tonic Water Lemon Peel answer Wash and cut 1 wedge and 1 slice of lime or lemon.
Fill a tumbler with fresh ice.
Pour the desired dose of vodka and top up with the tonic.
Squeeze the lime wedge into the glass and decorate with the slice.
That's all, very simple: it's just the recipe for happiness!"
393,393,Vodka Martini,"['Vodka', 'Dry Vermouth', 'Olive']",Alcoholic,Ordinary Drink,Cocktail glass,"Shake the vodka and vermouth together with a number of ice cubes, strain into a cocktail glass, add the olive and serve.",https://www.thecocktaildb.com/images/media/drink/qyxrqw1439906528.jpg,"['1 1/2 oz ', '3/4 oz ', '1 ']","question Generate a cocktail with Vodka Dry Vermouth Olive answer Shake the vodka and vermouth together with a number of ice cubes, strain into a cocktail glass, add the olive and serve."
394,394,Vodka Russian,"['Vodka', 'Schweppes Russchian']",Alcoholic,Ordinary Drink,Collins Glass,Mix it as a ordinary drink .,https://www.thecocktaildb.com/images/media/drink/rpttur1454515129.jpg,"['2 oz ', None]",question Generate a cocktail with Vodka Schweppes Russchian answer Mix it as a ordinary drink .
395,395,Vermouth Cassis,"['Dry Vermouth', 'Creme de Cassis', 'Carbonated water']",Alcoholic,Ordinary Drink,Highball glass,"Stir vermouth and creme de cassis in a highball glass with ice cubes. Fill with carbonated water, stir again, and serve.",https://www.thecocktaildb.com/images/media/drink/tswpxx1441554674.jpg,"['1 1/2 oz ', '3/4 oz ', None]","question Generate a cocktail with Dry Vermouth Creme de Cassis Carbonated water answer Stir vermouth and creme de cassis in a highball glass with ice cubes. Fill with carbonated water, stir again, and serve."
396,396,Victory Collins,"['Vodka', 'Lemon juice', 'Grape juice', 'Powdered sugar', 'Orange']",Alcoholic,Ordinary Drink,Collins glass,Shake all ingredients (except orange slice) with ice and strain into a collins glass over ice cubes. Add the slice of orange and serve.,https://www.thecocktaildb.com/images/media/drink/lx0lvs1492976619.jpg,"['1 1/2 oz ', '3 oz ', '3 oz unsweetened ', '1 tsp ', '1 slice ']",question Generate a cocktail with Vodka Lemon juice Grape juice Powdered sugar Orange answer Shake all ingredients (except orange slice) with ice and strain into a collins glass over ice cubes. Add the slice of orange and serve.
397,397,Vodka And Tonic,"['Vodka', 'Tonic water']",Alcoholic,Ordinary Drink,Highball glass,"Pour vodka into a highball glass over ice cubes. Fill with tonic water, stir, and serve.",https://www.thecocktaildb.com/images/media/drink/lmj2yt1504820500.jpg,"['2 oz ', None]","question Generate a cocktail with Vodka Tonic water answer Pour vodka into a highball glass over ice cubes. Fill with tonic water, stir, and serve."
398,398,Valencia Cocktail,"['Apricot brandy', 'Orange juice', 'Orange bitters']",Alcoholic,Ordinary Drink,Cocktail glass,"Shake all ingredients with ice, strain into a cocktail glass, and serve.",https://www.thecocktaildb.com/images/media/drink/9myuc11492975640.jpg,"['1 1/2 oz ', '1 tblsp ', '2 dashes ']","question Generate a cocktail with Apricot brandy Orange juice Orange bitters answer Shake all ingredients with ice, strain into a cocktail glass, and serve."
399,399,Whisky Mac,"['Scotch', 'Wine']",Alcoholic,Ordinary Drink,Collins Glass,Pour both of the ingredients into a wine goblet with no ice.,https://www.thecocktaildb.com/images/media/drink/yvvwys1461867858.jpg,"['1 1/2 oz ', '1 oz Green Ginger ']",question Generate a cocktail with Scotch Wine answer Pour both of the ingredients into a wine goblet with no ice.
400,400,White Lady,"['Gin', 'Triple Sec', 'Lemon Juice']",Alcoholic,Ordinary Drink,Cocktail glass,Add all ingredients into cocktail shaker filled with ice. Shake well and strain into large cocktail glass.,https://www.thecocktaildb.com/images/media/drink/jofsaz1504352991.jpg,"['4cl', '3cl', '2cl']",question Generate a cocktail with Gin Triple Sec Lemon Juice answer Add all ingredients into cocktail shaker filled with ice. Shake well and strain into large cocktail glass.
401,401,Wine Punch,"['Red wine', 'Lemon', 'Orange juice', 'Orange', 'Pineapple juice']",Alcoholic,Punch / Party Drink,Collins Glass,Combine all of the ingredients and pour over a block of ice.,https://www.thecocktaildb.com/images/media/drink/txustu1473344310.jpg,"['1 bottle ', '2 ', '1 cup ', '3 ', '1 cup ']",question Generate a cocktail with Red wine Lemon Orange juice Orange Pineapple juice answer Combine all of the ingredients and pour over a block of ice.
402,402,Wine Cooler,"['Red wine', 'Lemon-lime soda', 'Ice']",Optional alcohol,Punch / Party Drink,Collins Glass,Mix wine and soft drink. Pour into glass. Add ice.,https://www.thecocktaildb.com/images/media/drink/yutxtv1473344210.jpg,"['2 oz white or ', '5 oz ', 'cubes']",question Generate a cocktail with Red wine Lemon-lime soda Ice answer Mix wine and soft drink. Pour into glass. Add ice.
403,403,Winter Rita,"['Tequila', 'Campari', 'Lime Juice', 'Orange Juice', 'Rosemary Syrup', 'Salt']",Alcoholic,Beer,Highball Glass,"Salt rim. Combine all ingredients, shake with ice, and strain over fresh ice.⠀",https://www.thecocktaildb.com/images/media/drink/fwpd0v1614006733.jpg,"['1 2/3 oz', '1/4 oz', '3/4 oz', '1/2 oz', '1/2 oz', 'Dash']","question Generate a cocktail with Tequila Campari Lime Juice Orange Juice Rosemary Syrup Salt answer Salt rim. Combine all ingredients, shake with ice, and strain over fresh ice.⠀"
404,404,Whiskey Sour,"['Blended whiskey', 'Lemon', 'Powdered sugar', 'Cherry', 'Lemon']",Alcoholic,Ordinary Drink,Old-fashioned glass,"Shake with ice. Strain into chilled glass, garnish and serve. If served 'On the rocks', strain ingredients into old-fashioned glass filled with ice.",https://www.thecocktaildb.com/images/media/drink/hbkfsh1589574990.jpg,"['2 oz ', 'Juice of 1/2 ', '1/2 tsp ', '1 ', '1/2 slice ']","question Generate a cocktail with Blended whiskey Lemon Powdered sugar Cherry Lemon answer Shake with ice. Strain into chilled glass, garnish and serve. If served 'On the rocks', strain ingredients into old-fashioned glass filled with ice."
405,405,White Russian,"['Vodka', 'Coffee liqueur', 'Light cream']",Alcoholic,Ordinary Drink,Old-fashioned glass,Pour vodka and coffee liqueur over ice cubes in an old-fashioned glass. Fill with light cream and serve.,https://www.thecocktaildb.com/images/media/drink/vsrupw1472405732.jpg,"['2 oz ', '1 oz ', None]",question Generate a cocktail with Vodka Coffee liqueur Light cream answer Pour vodka and coffee liqueur over ice cubes in an old-fashioned glass. Fill with light cream and serve.
406,406,Winter Paloma,"['Tequila', 'Grapefruit Juice', 'Lime Juice', 'Agave Syrup', 'Pepper']",Alcoholic,Cocktail,Highball glass,Everyone’s favourite Paloma gets a delicious Indian makeover. Tequila reposado infused with “Timur Pepper” which has citrusy & grapefruit notes and is grown at the foothills of Himalaya. It also produces a slightly numbing and tingling sensation on your lip when consumed. We have also spiced up the fresh grapefruit juice with the warming spice blend from Himalaya. The combination of all these interesting elements has allowed us to elevate your Paloma sipping experience.,https://www.thecocktaildb.com/images/media/drink/u5f0pz1614007748.jpg,"['2 shots', 'Top', 'Juice of 1', '1 tsp', 'Dash']",question Generate a cocktail with Tequila Grapefruit Juice Lime Juice Agave Syrup Pepper answer Everyone’s favourite Paloma gets a delicious Indian makeover. Tequila reposado infused with “Timur Pepper” which has citrusy & grapefruit notes and is grown at the foothills of Himalaya. It also produces a slightly numbing and tingling sensation on your lip when consumed. We have also spiced up the fresh grapefruit juice with the warming spice blend from Himalaya. The combination of all these interesting elements has allowed us to elevate your Paloma sipping experience.
407,407,White Wine Sangria,"['Lime', 'lemon', 'White Wine', 'Strawberries', 'Apple', 'Apple Brandy', 'Soda Water']",Alcoholic,Punch / Party Drink,Pitcher,"Chop the Lemon, Lime and other fruits into large chunks. Fill the Pitcher with the white wine and mix in the Apple Brandy. Top to taste with soda water.",https://www.thecocktaildb.com/images/media/drink/hnuod91587851576.jpg,"['1', '1', '750 ml', '1 cup', '1 cup', '3 shots', 'Top']","question Generate a cocktail with Lime lemon White Wine Strawberries Apple Apple Brandy Soda Water answer Chop the Lemon, Lime and other fruits into large chunks. Fill the Pitcher with the white wine and mix in the Apple Brandy. Top to taste with soda water."
408,408,Whitecap Margarita,"['Ice', 'Tequila', 'Cream of coconut', 'Lime juice']",Alcoholic,Other / Unknown,Margarita/Coupette glass,Place all ingredients in a blender and blend until smooth. This makes one drink.,https://www.thecocktaildb.com/images/media/drink/srpxxp1441209622.jpg,"['1 cup ', '2 oz ', '1/4 cup ', '3 tblsp fresh ']",question Generate a cocktail with Ice Tequila Cream of coconut Lime juice answer Place all ingredients in a blender and blend until smooth. This makes one drink.
409,409,Waikiki Beachcomber,"['Triple sec', 'Gin', 'Pineapple juice']",Alcoholic,Ordinary Drink,Cocktail glass,"Shake all ingredients with ice, strain into a cocktail glass, and serve.",https://www.thecocktaildb.com/images/media/drink/ysuqus1441208583.jpg,"['3/4 oz ', '3/4 oz ', '1 tblsp ']","question Generate a cocktail with Triple sec Gin Pineapple juice answer Shake all ingredients with ice, strain into a cocktail glass, and serve."
410,410,Yellow Bird,"['White Rum', 'Galliano', 'Triple Sec', 'Lime Juice']",Alcoholic,Cocktail,Cocktail glass,Shake and strain into a chilled cocktail glass,https://www.thecocktaildb.com/images/media/drink/2t9r6w1504374811.jpg,"['3 cl', '1.5 cl', '1.5 cl', '1.5 cl']",question Generate a cocktail with White Rum Galliano Triple Sec Lime Juice answer Shake and strain into a chilled cocktail glass
411,411,Yoghurt Cooler,"['Yoghurt', 'Fruit', 'Ice']",Non alcoholic,Other / Unknown,Highball Glass,"Place all ingredients in the blender jar - cover and whiz on medium speed until well blended. Pour in one tall, 2 medium or 3 small glasses and drink up. Note: Use lots of ice in this one - great on hot days! To add ice: Remove the center of the cover while the blender is on - drop 3 or 4 ice cubs and blend until they're completely crushed.",https://www.thecocktaildb.com/images/media/drink/trttrv1441254466.jpg,"['1 cup ', '1 cup ', None]","question Generate a cocktail with Yoghurt Fruit Ice answer Place all ingredients in the blender jar - cover and whiz on medium speed until well blended. Pour in one tall, 2 medium or 3 small glasses and drink up. Note: Use lots of ice in this one - great on hot days! To add ice: Remove the center of the cover while the blender is on - drop 3 or 4 ice cubs and blend until they're completely crushed."
412,412,Zorro,"['Sambuca', 'Baileys irish cream', 'White Creme de Menthe']",Alcoholic,Coffee / Tea,Coffee Mug,add all and pour black coffee and add whipped cream on top.,https://www.thecocktaildb.com/images/media/drink/kvvd4z1485621283.jpg,"['2 cl ', '2 cl ', '2 cl ']",question Generate a cocktail with Sambuca Baileys irish cream White Creme de Menthe answer add all and pour black coffee and add whipped cream on top.
413,413,Zinger,"['Peachtree schnapps', 'Surge']",Alcoholic,Soft Drink,Highball glass,Get a shot glass and pour in three shots of the schnapps. Do the same with the Surge Cola. Then down it like Scheetz would.,https://www.thecocktaildb.com/images/media/drink/iixv4l1485620014.jpg,"['4 shots ', '4 shots ']",question Generate a cocktail with Peachtree schnapps Surge answer Get a shot glass and pour in three shots of the schnapps. Do the same with the Surge Cola. Then down it like Scheetz would.
414,414,Zoksel,"['Beer', 'Root beer', 'Lemonade', 'Coca-Cola', '7-Up', 'Creme de Cassis', 'Lemon']",Alcoholic,Soft Drink,Beer pilsner,"No specific mixinginstructions, just poor every ingredient in one glass. The lemon goes with it.",https://www.thecocktaildb.com/images/media/drink/ft8ed01485620930.jpg,"[None, None, None, ' slice\n', None, None, None]","question Generate a cocktail with Beer Root beer Lemonade Coca-Cola 7-Up Creme de Cassis Lemon answer No specific mixinginstructions, just poor every ingredient in one glass. The lemon goes with it."
415,415,Zombie,"['Rum', 'Gold rum', '151 proof rum', 'Pernod', 'Grenadine', 'Lime Juice', 'Angostura Bitters']",Alcoholic,Cocktail,Hurricane glass,"
Blend at high speed for no more than 5 seconds.

Pour into a glass, add ice cubes to fill, then add the garnish.

*Donn’s mix: Bring 3 crushed cinnamon sticks, 1 cup of sugar and 1 cup of water to a boil, stirring until the sugar is dissolved.

Simmer for 2 minutes, then remove from the heat and let sit for at least 2 hours before straining into a clean glass bottle.

Then add 1 part of the syrup and 2 parts of fresh grapefruit juice together.",https://www.thecocktaildb.com/images/media/drink/2en3jk1509557725.jpg,"['1 1/2 oz', '1 1/2 oz', '1 oz', '1 tsp', '1 tsp', '1 tsp', '1 drop']","question Generate a cocktail with Rum Gold rum 151 proof rum Pernod Grenadine Lime Juice Angostura Bitters answer 
Blend at high speed for no more than 5 seconds.

Pour into a glass, add ice cubes to fill, then add the garnish.

*Donn’s mix: Bring 3 crushed cinnamon sticks, 1 cup of sugar and 1 cup of water to a boil, stirring until the sugar is dissolved.

Simmer for 2 minutes, then remove from the heat and let sit for at least 2 hours before straining into a clean glass bottle.

Then add 1 part of the syrup and 2 parts of fresh grapefruit juice together."
416,416,Zambeer,"['Sambuca', 'Root beer', 'Ice']",Alcoholic,Soft Drink,Collins Glass,Mix sambuca with rootbeer and stir. Add ice,https://www.thecocktaildb.com/images/media/drink/bje5401485619578.jpg,"['1 1/2 oz ', 'Add 10 oz ', 'cubes']",question Generate a cocktail with Sambuca Root beer Ice answer Mix sambuca with rootbeer and stir. Add ice
417,417,Zorbatini,"['Vodka', 'Ouzo']",Alcoholic,Cocktail,Cocktail glass,Prepare like a Martini. Garnish with a green olive.,https://www.thecocktaildb.com/images/media/drink/wtkqgb1485621155.jpg,"['1 1/4 oz Stoli ', '1/4 oz ']",question Generate a cocktail with Vodka Ouzo answer Prepare like a Martini. Garnish with a green olive.
418,418,Zenmeister,"['Jägermeister', 'Root beer']",Alcoholic,Ordinary Drink,Collins Glass,Mix together and enjoy,https://www.thecocktaildb.com/images/media/drink/qyuvsu1479209462.jpg,"['1/2 oz ', '1/2 oz ']",question Generate a cocktail with Jägermeister Root beer answer Mix together and enjoy
419,419,Zipperhead,"['Chambord raspberry liqueur', 'Vodka', 'Soda water']",Alcoholic,Shot,Whiskey sour glass,"Fill glass with rocks, add straw before putting in liquor. Then add the ingredients in order, trying to keep layered as much as possible (i.e. Chambord on bottom, then Vodka, Then soda on top).",https://www.thecocktaildb.com/images/media/drink/r2qzhu1485620235.jpg,"['1 shot ', '1 shot ', 'Fill with ']","question Generate a cocktail with Chambord raspberry liqueur Vodka Soda water answer Fill glass with rocks, add straw before putting in liquor. Then add the ingredients in order, trying to keep layered as much as possible (i.e. Chambord on bottom, then Vodka, Then soda on top)."
420,420,Zima Blaster,"['Zima', 'Chambord raspberry liqueur']",Alcoholic,Ordinary Drink,Hurricane glass,"Fill glass with ice. Pour in Chambord, then fill with Zima. Mix and enjoy.",https://www.thecocktaildb.com/images/media/drink/1wifuv1485619797.jpg,"['12 oz ', '3 oz ']","question Generate a cocktail with Zima Chambord raspberry liqueur answer Fill glass with ice. Pour in Chambord, then fill with Zima. Mix and enjoy."
421,421,Zizi Coin-coin,"['Cointreau', 'Lemon juice', 'Ice', 'Lemon']",Alcoholic,Punch / Party Drink,Margarita/Coupette glass,"Pour 5cl of Cointreau on ice, add 2cl of fresh lemon (or lime) juice, stir gently, and finally add slices of lemon/lime in glass.",https://www.thecocktaildb.com/images/media/drink/0fbo2t1485620752.jpg,"['5 cl ', '2 cl ', 'cubes', ' or lime\n']","question Generate a cocktail with Cointreau Lemon juice Ice Lemon answer Pour 5cl of Cointreau on ice, add 2cl of fresh lemon (or lime) juice, stir gently, and finally add slices of lemon/lime in glass."
422,422,Zimadori Zinger,"['Midori melon liqueur', 'Zima']",Alcoholic,Punch / Party Drink,Collins glass,Pour Zima in a collins glass over ice and then pour the shot of Midori. Don't stir. Garnish with a cherry.,https://www.thecocktaildb.com/images/media/drink/bw8gzx1485619920.jpg,"['1.5 oz ', '12 oz ']",question Generate a cocktail with Midori melon liqueur Zima answer Pour Zima in a collins glass over ice and then pour the shot of Midori. Don't stir. Garnish with a cherry.
423,423,Zippy's Revenge,"['Amaretto', 'Rum', 'Kool-Aid']",Alcoholic,Cocktail,Old-fashioned glass,Mix Kool-Aid to taste then add Rum and ammaretto. shake well to disolve the sugar in the Kool-Aid... serve cold,https://www.thecocktaildb.com/images/media/drink/1sqm7n1485620312.jpg,"['2 oz ', '2 oz ', '4 oz Grape ']",question Generate a cocktail with Amaretto Rum Kool-Aid answer Mix Kool-Aid to taste then add Rum and ammaretto. shake well to disolve the sugar in the Kool-Aid... serve cold
424,424,Ziemes Martini Apfelsaft,"['Vermouth', 'Apple juice']",Alcoholic,Ordinary Drink,Collins Glass,Serve without ice. At least the juice shold have room temperature.,https://www.thecocktaildb.com/images/media/drink/xnzr2p1485619687.jpg,"['4 cl ', '16 cl ']",question Generate a cocktail with Vermouth Apple juice answer Serve without ice. At least the juice shold have room temperature.
